縣市,縣市別代砠,鄉鎮市區,學校名稱,教學電腦數
南投縣,10008,中寮鄉,中寮國中,14
南投縣,10008,中寮鄉,爽文國中,12
南投縣,10008,仁愛鄉,仁愛國中,60
南投縣,10008,信義鄉,信義國中,24
南投縣,10008,信義鄉,同富國中,38
南投縣,10008,南投市,中興國中,130
南投縣,10008,南投市,南崗國中,77
南投縣,10008,南投市,南投國中,166
南投縣,10008,南投市,營北國中,56
南投縣,10008,南投市,鳳鳴國中,2
南投縣,10008,名間鄉,三光國中,43
南投縣,10008,名間鄉,名間國中,65
南投縣,10008,國姓鄉,北山國中,31
南投縣,10008,國姓鄉,北梅國中,20
南投縣,10008,國姓鄉,國姓國中,13
南投縣,10008,埔里鎮,埔里國中,99
南投縣,10008,埔里鎮,大成國中,25
南投縣,10008,埔里鎮,宏仁國中,72
南投縣,10008,水里鄉,民和國中,11
南投縣,10008,水里鄉,水里國中,6
南投縣,10008,竹山鎮,延和國中,8
南投縣,10008,竹山鎮,瑞竹國中,8
南投縣,10008,竹山鎮,社寮國中,29
南投縣,10008,竹山鎮,竹山國中,37
南投縣,10008,草屯鎮,日新國中,50
南投縣,10008,草屯鎮,旭光高中,137
南投縣,10008,草屯鎮,草屯國中,153
南投縣,10008,集集鎮,集集國中,34
南投縣,10008,魚池鄉,明潭國中,25
南投縣,10008,魚池鄉,魚池國中,29
南投縣,10008,鹿谷鄉,瑞峰國中,35
南投縣,10008,鹿谷鄉,鹿谷國中,30
南投縣,10008,中寮鄉,中寮國小,37
南投縣,10008,中寮鄉,廣福國小,10
南投縣,10008,中寮鄉,永和國小,16
南投縣,10008,中寮鄉,永康國小,24
南投縣,10008,中寮鄉,永樂國小,9
南投縣,10008,中寮鄉,清水國小,13
南投縣,10008,中寮鄉,爽文國小,29
南投縣,10008,中寮鄉,至誠國小,17
南投縣,10008,仁愛鄉,中正國小,22
南投縣,10008,仁愛鄉,互助國小,20
南投縣,10008,仁愛鄉,仁愛國小,24
南投縣,10008,仁愛鄉,力行國小,13
南投縣,10008,仁愛鄉,力行國小翠巒分校,5
南投縣,10008,仁愛鄉,南豐國小,22
南投縣,10008,仁愛鄉,合作國小,10
南投縣,10008,仁愛鄉,平靜國小,12
南投縣,10008,仁愛鄉,廬山國小,11
南投縣,10008,仁愛鄉,春陽國小,22
南投縣,10008,仁愛鄉,法治國小,23
南投縣,10008,仁愛鄉,清境國小,11
南投縣,10008,仁愛鄉,發祥國小,11
南投縣,10008,仁愛鄉,紅葉國小,9
南投縣,10008,仁愛鄉,萬豐國小,14
南投縣,10008,仁愛鄉,親愛國小,26
南投縣,10008,仁愛鄉,親愛國小萬大分校,9
南投縣,10008,信義鄉,久美國小,10
南投縣,10008,信義鄉,人和國小,22
南投縣,10008,信義鄉,信義國小,26
南投縣,10008,信義鄉,同富國小,27
南投縣,10008,信義鄉,地利國小,40
南投縣,10008,信義鄉,愛國國小,16
南投縣,10008,信義鄉,新鄉國小,15
南投縣,10008,信義鄉,東埔國小,20
南投縣,10008,信義鄉,桐林國小,11
南投縣,10008,信義鄉,潭南國小,22
南投縣,10008,信義鄉,羅娜國小,25
南投縣,10008,信義鄉,豐丘國小,9
南投縣,10008,信義鄉,隆華國小,10
南投縣,10008,信義鄉,雙龍國小,14
南投縣,10008,南投市,僑建國小,54
南投縣,10008,南投市,光復國小,42
南投縣,10008,南投市,光榮國小,19
南投縣,10008,南投市,光華國小,60
南投縣,10008,南投市,千秋國小,20
南投縣,10008,南投市,南投國小,130
南投縣,10008,南投市,嘉和國小,26
南投縣,10008,南投市,平和國小,63
南投縣,10008,南投市,康壽國小,53
南投縣,10008,南投市,德興國小,34
南投縣,10008,南投市,文山國小,29
南投縣,10008,南投市,新豐國小,34
南投縣,10008,南投市,漳和國小,28
南投縣,10008,南投市,漳興國小,81
南投縣,10008,南投市,營盤國小,18
南投縣,10008,南投市,西嶺國小,26
南投縣,10008,名間鄉,中山國小,30
南投縣,10008,名間鄉,僑興國小,14
南投縣,10008,名間鄉,名崗國小,46
南投縣,10008,名間鄉,名間國小,16
南投縣,10008,名間鄉,弓鞋國小,28
南投縣,10008,名間鄉,新民國小,19
南投縣,10008,名間鄉,新街國小,28
南投縣,10008,名間鄉,田豐國小,12
南投縣,10008,國姓鄉,乾峰國小,16
南投縣,10008,國姓鄉,北山國小,26
南投縣,10008,國姓鄉,北港國小,13
南投縣,10008,國姓鄉,南港國小,12
南投縣,10008,國姓鄉,國姓國小,28
南投縣,10008,國姓鄉,港源國小,9
南投縣,10008,國姓鄉,福龜國小,13
南投縣,10008,國姓鄉,育樂國小,10
南投縣,10008,國姓鄉,長流國小,9
南投縣,10008,國姓鄉,長福國小,20
南投縣,10008,埔里鎮,中峰國小,30
南投縣,10008,埔里鎮,南光國小,88
南投縣,10008,埔里鎮,史港國小,22
南投縣,10008,埔里鎮,埔里國小,96
南投縣,10008,埔里鎮,大成國小,54
南投縣,10008,埔里鎮,太平國小,30
南投縣,10008,埔里鎮,忠孝國小,10
南投縣,10008,埔里鎮,愛蘭國小,66
南投縣,10008,埔里鎮,桃源國小,17
南投縣,10008,埔里鎮,水尾國小,11
南投縣,10008,埔里鎮,溪南國小,34
南投縣,10008,埔里鎮,育英國小,73
南投縣,10008,埔里鎮,麒麟國小,10
南投縣,10008,水里鄉,成城國小,33
南投縣,10008,水里鄉,新興國小,13
南投縣,10008,水里鄉,民和國小,12
南投縣,10008,水里鄉,水里國小,33
南投縣,10008,水里鄉,永興國小,14
南投縣,10008,水里鄉,郡坑國小,13
南投縣,10008,竹山鎮,中和國小,19
南投縣,10008,竹山鎮,中州國小,12
南投縣,10008,竹山鎮,前山國小,29
南投縣,10008,竹山鎮,大鞍國小,11
南投縣,10008,竹山鎮,延平國小,28
南投縣,10008,竹山鎮,桶頭國小,16
南投縣,10008,竹山鎮,瑞竹國小,16
南投縣,10008,竹山鎮,社寮國小,29
南投縣,10008,竹山鎮,秀林國小,10
南投縣,10008,竹山鎮,竹山國小,75
南投縣,10008,竹山鎮,過溪國小,14
南投縣,10008,竹山鎮,雲林國小,25
南投縣,10008,竹山鎮,鯉魚國小,15
南投縣,10008,草屯鎮,中原國小,32
南投縣,10008,草屯鎮,僑光國小,61
南投縣,10008,草屯鎮,北投國小,16
南投縣,10008,草屯鎮,土城國小,22
南投縣,10008,草屯鎮,坪頂國小,9
南投縣,10008,草屯鎮,富功國小,35
南投縣,10008,草屯鎮,平林國小,22
南投縣,10008,草屯鎮,敦和國小,50
南投縣,10008,草屯鎮,新庄國小,32
南投縣,10008,草屯鎮,炎峰國小,74
南投縣,10008,草屯鎮,碧峰國小,50
南投縣,10008,草屯鎮,草屯國小,59
南投縣,10008,草屯鎮,虎山國小,24
南投縣,10008,草屯鎮,雙冬國小,26
南投縣,10008,集集鎮,和平國小,11
南投縣,10008,集集鎮,永昌國小,11
南投縣,10008,集集鎮,永昌國小富山分校,12
南投縣,10008,集集鎮,隘寮國小,12
南投縣,10008,集集鎮,集集國小,35
南投縣,10008,魚池鄉,五城國小,11
南投縣,10008,魚池鄉,共和國小,8
南投縣,10008,魚池鄉,德化國小,25
南投縣,10008,魚池鄉,新城國小,32
南投縣,10008,魚池鄉,明潭國小,17
南投縣,10008,魚池鄉,東光國小,21
南投縣,10008,魚池鄉,頭社國小,25
南投縣,10008,魚池鄉,魚池國小,10
南投縣,10008,鹿谷鄉,內湖國小,10
南投縣,10008,鹿谷鄉,初鄉國小,20
南投縣,10008,鹿谷鄉,和雅國小,15
南投縣,10008,鹿谷鄉,廣興國小,11
南投縣,10008,鹿谷鄉,文昌國小,26
南投縣,10008,鹿谷鄉,瑞田國小,9
南投縣,10008,鹿谷鄉,秀峰國小,14
南投縣,10008,鹿谷鄉,鳳凰國小,34
南投縣,10008,鹿谷鄉,鹿谷國小,15
嘉義市,10020,東區,北園國中,64
嘉義市,10020,東區,北興國中,133
嘉義市,10020,東區,南興國中,81
嘉義市,10020,東區,嘉義國中,115
嘉義市,10020,東區,大業國中,12
嘉義市,10020,東區,玉山國中,16
嘉義市,10020,東區,蘭潭國中,71
嘉義市,10020,西區,民生國中,130
嘉義市,10020,東區,世賢國小,66
嘉義市,10020,東區,僑平國小,86
嘉義市,10020,東區,嘉北國小,116
嘉義市,10020,東區,嘉義大學附小,115
嘉義市,10020,東區,垂楊國小,59
嘉義市,10020,東區,大同國小,96
嘉義市,10020,東區,宣信國小,99
嘉義市,10020,東區,崇文國小,60
嘉義市,10020,東區,志航國小,54
嘉義市,10020,東區,文雅國小,60
嘉義市,10020,東區,林森國小,13
嘉義市,10020,東區,民族國小,43
嘉義市,10020,東區,港坪國小,52
嘉義市,10020,東區,精忠國小,30
嘉義市,10020,東區,育人國小,44
嘉義市,10020,東區,興嘉國小,82
嘉義市,10020,東區,興安國小,100
嘉義市,10020,東區,蘭潭國小,73
嘉義市,10020,西區,北園國小,30
嘉義市,10020,西區,博愛國小,142
嘉義縣,10010,中埔鄉,中埔國中,70
嘉義縣,10010,六腳鄉,六嘉國中,29
嘉義縣,10010,大埔鄉,大埔國中,29
嘉義縣,10010,大林鎮,大林國中,45
嘉義縣,10010,太保市,嘉新國中,29
嘉義縣,10010,太保市,太保國中,26
嘉義縣,10010,太保市,永慶高中附設國中部,108
嘉義縣,10010,布袋鎮,布袋國中,31
嘉義縣,10010,新港鄉,新港國中,32
嘉義縣,10010,朴子市,朴子國中,37
嘉義縣,10010,朴子市,東石國中,79
嘉義縣,10010,東石鄉,東榮國中,27
嘉義縣,10010,東石鄉,過溝國中,32
嘉義縣,10010,梅山鄉,梅山國中,63
嘉義縣,10010,民雄鄉,大吉國中,32
嘉義縣,10010,民雄鄉,民雄國中,10
嘉義縣,10010,水上鄉,忠和國中,32
嘉義縣,10010,水上鄉,水上國中,3
嘉義縣,10010,溪口鄉,溪口國中,25
嘉義縣,10010,番路鄉,民和國中,30
嘉義縣,10010,番路鄉,民和國中慈輝分校,1
嘉義縣,10010,竹崎鄉,昇平國中,32
嘉義縣,10010,竹崎鄉,竹崎高中,56
嘉義縣,10010,義竹鄉,義竹國中,53
嘉義縣,10010,阿里山,阿里山國中(小),19
嘉義縣,10010,鹿草鄉,鹿草國中,48
嘉義縣,10010,中埔鄉,中埔國小,38
嘉義縣,10010,中埔鄉,中山國小,23
嘉義縣,10010,中埔鄉,同仁國小,28
嘉義縣,10010,中埔鄉,和睦國小,49
嘉義縣,10010,中埔鄉,和興國小,27
嘉義縣,10010,中埔鄉,大有國小,10
嘉義縣,10010,中埔鄉,沄水國小,12
嘉義縣,10010,中埔鄉,灣潭國小,9
嘉義縣,10010,中埔鄉,社口國小,40
嘉義縣,10010,中埔鄉,頂六國小,17
嘉義縣,10010,六腳鄉,六美國小,43
嘉義縣,10010,六腳鄉,六腳國小,14
嘉義縣,10010,六腳鄉,六腳國小新生分班,10
嘉義縣,10010,六腳鄉,北美國小,15
嘉義縣,10010,六腳鄉,更寮國小,9
嘉義縣,10010,六腳鄉,灣內國小,28
嘉義縣,10010,六腳鄉,蒜頭國小,59
嘉義縣,10010,六腳鄉,蒜頭國小潭漧分校,27
嘉義縣,10010,大埔鄉,大埔國小,22
嘉義縣,10010,大林鎮,三和國小,23
嘉義縣,10010,大林鎮,中林國小,9
嘉義縣,10010,大林鎮,大林國小,36
嘉義縣,10010,大林鎮,平林國小,56
嘉義縣,10010,大林鎮,排路國小,13
嘉義縣,10010,大林鎮,社團國小,15
嘉義縣,10010,太保市,南新國小,59
嘉義縣,10010,太保市,太保國小,29
嘉義縣,10010,太保市,安東國小,2
嘉義縣,10010,太保市,新埤國小,24
嘉義縣,10010,布袋鎮,好美國小,16
嘉義縣,10010,布袋鎮,布新國小,30
嘉義縣,10010,布袋鎮,布袋國小,46
嘉義縣,10010,布袋鎮,新塭國小,31
嘉義縣,10010,布袋鎮,新岑國小,9
嘉義縣,10010,布袋鎮,景山國小,23
嘉義縣,10010,布袋鎮,景山國小振寮分校,19
嘉義縣,10010,布袋鎮,永安國小,24
嘉義縣,10010,布袋鎮,貴林國小,16
嘉義縣,10010,布袋鎮,過溝國小,25
嘉義縣,10010,新港鄉,古民國小,15
嘉義縣,10010,新港鄉,安和國小,11
嘉義縣,10010,新港鄉,復興國小,19
嘉義縣,10010,新港鄉,文昌國小,32
嘉義縣,10010,新港鄉,新港國小,44
嘉義縣,10010,新港鄉,月眉國小,65
嘉義縣,10010,朴子市,大同國小,29
嘉義縣,10010,朴子市,大鄉國小,30
嘉義縣,10010,朴子市,朴子國小,34
嘉義縣,10010,朴子市,松梅國小,26
嘉義縣,10010,朴子市,祥和國小,30
嘉義縣,10010,朴子市,竹村國小,13
嘉義縣,10010,朴子市,雙溪國小,27
嘉義縣,10010,東石鄉,三江國小,8
嘉義縣,10010,東石鄉,下楫國小,16
嘉義縣,10010,東石鄉,塭港國小,21
嘉義縣,10010,東石鄉,東石國小,36
嘉義縣,10010,東石鄉,東石國小型厝分校,23
嘉義縣,10010,東石鄉,港墘國小,19
嘉義縣,10010,東石鄉,網寮國小,22
嘉義縣,10010,東石鄉,龍崗國小,32
嘉義縣,10010,東石鄉,龍港國小,8
嘉義縣,10010,梅山鄉,仁和國小,12
嘉義縣,10010,梅山鄉,大南國小,11
嘉義縣,10010,梅山鄉,太和國小,14
嘉義縣,10010,梅山鄉,太平國小,21
嘉義縣,10010,梅山鄉,太興國小,6
嘉義縣,10010,梅山鄉,安靖國小,10
嘉義縣,10010,梅山鄉,梅北國小,39
嘉義縣,10010,梅山鄉,梅圳國小,17
嘉義縣,10010,梅山鄉,梅山國小,64
嘉義縣,10010,梅山鄉,瑞峰國小,15
嘉義縣,10010,梅山鄉,瑞里國小,33
嘉義縣,10010,民雄鄉,三興國小,14
嘉義縣,10010,民雄鄉,大崎國小,15
嘉義縣,10010,民雄鄉,東榮國小,58
嘉義縣,10010,民雄鄉,松山國小,10
嘉義縣,10010,民雄鄉,民雄國小,90
嘉義縣,10010,民雄鄉,福樂國小,35
嘉義縣,10010,民雄鄉,秀林國小,53
嘉義縣,10010,民雄鄉,興中國小,57
嘉義縣,10010,民雄鄉,菁埔國小,24
嘉義縣,10010,水上鄉,北回國小,26
嘉義縣,10010,水上鄉,南靖國小,24
嘉義縣,10010,水上鄉,大崙國小,24
嘉義縣,10010,水上鄉,大崙國小塗溝分校,15
嘉義縣,10010,水上鄉,忠和國小,28
嘉義縣,10010,水上鄉,成功國小,17
嘉義縣,10010,水上鄉,柳林國小,28
嘉義縣,10010,水上鄉,水上國小,35
嘉義縣,10010,水上鄉,義興國小,15
嘉義縣,10010,溪口鄉,柳溝國小,12
嘉義縣,10010,溪口鄉,柳溝國小疊溪分校,18
嘉義縣,10010,溪口鄉,柴林國小,8
嘉義縣,10010,溪口鄉,溪口國小,45
嘉義縣,10010,溪口鄉,美林國小,27
嘉義縣,10010,番路鄉,內甕國小,24
嘉義縣,10010,番路鄉,大湖國小,21
嘉義縣,10010,番路鄉,民和國小,45
嘉義縣,10010,番路鄉,隙頂國小,13
嘉義縣,10010,番路鄉,黎明國小,20
嘉義縣,10010,竹崎鄉,中和國小,9
嘉義縣,10010,竹崎鄉,中興國小,26
嘉義縣,10010,竹崎鄉,光華國小,7
嘉義縣,10010,竹崎鄉,內埔國小,25
嘉義縣,10010,竹崎鄉,圓崇國小,37
嘉義縣,10010,竹崎鄉,桃源國小,9
嘉義縣,10010,竹崎鄉,沙坑國小,10
嘉義縣,10010,竹崎鄉,竹崎國小,36
嘉義縣,10010,竹崎鄉,義仁國小,23
嘉義縣,10010,竹崎鄉,鹿滿國小,22
嘉義縣,10010,竹崎鄉,龍山國小,11
嘉義縣,10010,義竹鄉,光榮國小,31
嘉義縣,10010,義竹鄉,南興國小,24
嘉義縣,10010,義竹鄉,南興國小東華分校,15
嘉義縣,10010,義竹鄉,和順國小,15
嘉義縣,10010,義竹鄉,義竹國小,25
嘉義縣,10010,義竹鄉,義竹國小頭竹分校,8
嘉義縣,10010,義竹鄉,過路國小,21
嘉義縣,10010,阿里山,來吉國小,14
嘉義縣,10010,阿里山,十字國小,6
嘉義縣,10010,阿里山,山美國小,21
嘉義縣,10010,阿里山,新美國小,10
嘉義縣,10010,阿里山,茶山國小,12
嘉義縣,10010,阿里山,豐山實驗教育學校,8
嘉義縣,10010,阿里山,達邦國小,28
嘉義縣,10010,阿里山,達邦國小里佳分校,13
嘉義縣,10010,阿里山,阿里山國(中)小,19
嘉義縣,10010,阿里山,香林國小,23
嘉義縣,10010,鹿草鄉,下潭國小,8
嘉義縣,10010,鹿草鄉,後塘國小,28
嘉義縣,10010,鹿草鄉,碧潭國小,12
嘉義縣,10010,鹿草鄉,竹園國小,14
嘉義縣,10010,鹿草鄉,重寮國小,21
嘉義縣,10010,鹿草鄉,鹿草國小,31
基隆市,10017,七堵區,明德國中,39
基隆市,10017,七堵區,百福國中,42
基隆市,10017,中山區,中山高中,237
基隆市,10017,中正區,中正國中,31
基隆市,10017,中正區,八斗國中,22
基隆市,10017,中正區,正濱國中,24
基隆市,10017,仁愛區,南榮國中,26
基隆市,10017,仁愛區,銘傳國中,102
基隆市,10017,信義區,信義國中,38
基隆市,10017,信義區,成功國中,39
基隆市,10017,安樂區,安樂高中,78
基隆市,10017,安樂區,建德國中,65
基隆市,10017,安樂區,武崙國中,105
基隆市,10017,暖暖區,暖暖高中,62
基隆市,10017,暖暖區,碇內國中,79
基隆市,10017,七堵區,七堵國小,192
基隆市,10017,七堵區,五堵國小,64
基隆市,10017,七堵區,堵南國小,70
基隆市,10017,七堵區,尚仁國小,30
基隆市,10017,七堵區,復興國小,29
基隆市,10017,七堵區,瑪陵國小,34
基隆市,10017,七堵區,華興國小,16
基隆市,10017,七堵區,長興國小,34
基隆市,10017,中山區,中和國小,30
基隆市,10017,中山區,中山國小,25
基隆市,10017,中山區,中華國小,17
基隆市,10017,中山區,仙洞國小,10
基隆市,10017,中山區,太平國小,18
基隆市,10017,中山區,德和國小,29
基隆市,10017,中山區,港西國小,17
基隆市,10017,中正區,中正國小,24
基隆市,10017,中正區,八斗國小,44
基隆市,10017,中正區,和平國小,24
基隆市,10017,中正區,忠孝國小,42
基隆市,10017,中正區,正濱國小,54
基隆市,10017,仁愛區,仁愛國小,65
基隆市,10017,仁愛區,南榮國小,26
基隆市,10017,仁愛區,尚智國小,13
基隆市,10017,仁愛區,成功國小,90
基隆市,10017,信義區,中興國小,1
基隆市,10017,信義區,信義國小,66
基隆市,10017,信義區,月眉國小,32
基隆市,10017,信義區,東信國小,29
基隆市,10017,信義區,東光國小,28
基隆市,10017,信義區,深澳國小,28
基隆市,10017,信義區,深美國小,39
基隆市,10017,安樂區,安樂國小,60
基隆市,10017,安樂區,建德國小,60
基隆市,10017,安樂區,武崙國小,96
基隆市,10017,安樂區,西定國小,25
基隆市,10017,安樂區,長樂國小,60
基隆市,10017,安樂區,隆聖國小,27
基隆市,10017,暖暖區,八堵國小,20
基隆市,10017,暖暖區,暖暖國小,31
基隆市,10017,暖暖區,暖江國小,25
基隆市,10017,暖暖區,暖西國小,37
基隆市,10017,暖暖區,碇內國小,30
宜蘭縣,10002,三星鄉,三星國中,66
宜蘭縣,10002,五結鄉,五結國中,32
宜蘭縣,10002,五結鄉,利澤國中,27
宜蘭縣,10002,五結鄉,興中國中,56
宜蘭縣,10002,冬山鄉,冬山國中,36
宜蘭縣,10002,冬山鄉,慈心華德福實驗國中小(國中部),7
宜蘭縣,10002,冬山鄉,順安國中,85
宜蘭縣,10002,南澳鄉,南澳高中,111
宜蘭縣,10002,員山鄉,內城國中小(國中部),13
宜蘭縣,10002,員山鄉,員山國中,28
宜蘭縣,10002,壯圍鄉,壯圍國中,142
宜蘭縣,10002,大同鄉,大同國中,51
宜蘭縣,10002,宜蘭市,中華國中,76
宜蘭縣,10002,宜蘭市,凱旋國中,14
宜蘭縣,10002,宜蘭市,宜蘭國中,58
宜蘭縣,10002,宜蘭市,復興國中,77
宜蘭縣,10002,礁溪鄉,吳沙國中,44
宜蘭縣,10002,礁溪鄉,礁溪國中,40
宜蘭縣,10002,羅東鎮,國華國中,57
宜蘭縣,10002,羅東鎮,東光國中,100
宜蘭縣,10002,羅東鎮,羅東國中,126
宜蘭縣,10002,蘇澳鎮,南安國中,51
宜蘭縣,10002,蘇澳鎮,文化國中,4
宜蘭縣,10002,蘇澳鎮,蘇澳國中,55
宜蘭縣,10002,頭城鎮,人文國中小(國中部),35
宜蘭縣,10002,頭城鎮,頭城國中,86
宜蘭縣,10002,三星鄉,三星國小,43
宜蘭縣,10002,三星鄉,大洲國小,52
宜蘭縣,10002,三星鄉,大隱國小,17
宜蘭縣,10002,三星鄉,憲明國小,9
宜蘭縣,10002,三星鄉,萬富國小,18
宜蘭縣,10002,五結鄉,中興國小,56
宜蘭縣,10002,五結鄉,五結國小,27
宜蘭縣,10002,五結鄉,利澤國小,0
宜蘭縣,10002,五結鄉,孝威國小,21
宜蘭縣,10002,五結鄉,學進國小,16
宜蘭縣,10002,冬山鄉,冬山國小,44
宜蘭縣,10002,冬山鄉,大進國小,10
宜蘭縣,10002,冬山鄉,廣興國小,55
宜蘭縣,10002,冬山鄉,慈心華德福實驗國中小(國小部),23
宜蘭縣,10002,冬山鄉,東興國小,25
宜蘭縣,10002,冬山鄉,柯林國小,16
宜蘭縣,10002,冬山鄉,武淵國小,3
宜蘭縣,10002,冬山鄉,清溝國小,30
宜蘭縣,10002,冬山鄉,順安國小,23
宜蘭縣,10002,冬山鄉,順安國小中山分校,9
宜蘭縣,10002,南澳鄉,南澳國小,27
宜蘭縣,10002,南澳鄉,東澳國小,12
宜蘭縣,10002,南澳鄉,武塔國小,20
宜蘭縣,10002,南澳鄉,澳花國小,15
宜蘭縣,10002,南澳鄉,碧候國小,12
宜蘭縣,10002,南澳鄉,金岳國小,13
宜蘭縣,10002,南澳鄉,金洋國小,18
宜蘭縣,10002,員山鄉,七賢國小,11
宜蘭縣,10002,員山鄉,內城國中小(化育分校),3
宜蘭縣,10002,員山鄉,內城國中小(國小部),2
宜蘭縣,10002,員山鄉,同樂國小,18
宜蘭縣,10002,員山鄉,員山國小,53
宜蘭縣,10002,員山鄉,大湖國小,14
宜蘭縣,10002,員山鄉,深溝國小,28
宜蘭縣,10002,員山鄉,湖山國小,10
宜蘭縣,10002,壯圍鄉,公館國小,30
宜蘭縣,10002,壯圍鄉,古亭國小,36
宜蘭縣,10002,壯圍鄉,壯圍國小,15
宜蘭縣,10002,壯圍鄉,大福國小,13
宜蘭縣,10002,壯圍鄉,新南國小,32
宜蘭縣,10002,壯圍鄉,過嶺國小,14
宜蘭縣,10002,大同鄉,南山國小,10
宜蘭縣,10002,大同鄉,四季國小,8
宜蘭縣,10002,大同鄉,四季國小英士分校,9
宜蘭縣,10002,大同鄉,四季國小茂安分班,10
宜蘭縣,10002,大同鄉,大同國小,13
宜蘭縣,10002,大同鄉,大同國小松羅分校,11
宜蘭縣,10002,大同鄉,大同國小樂水分校,20
宜蘭縣,10002,大同鄉,寒溪國小,2
宜蘭縣,10002,宜蘭市,中山國小,158
宜蘭縣,10002,宜蘭市,光復國小,76
宜蘭縣,10002,宜蘭市,凱旋國小,77
宜蘭縣,10002,宜蘭市,力行國小,22
宜蘭縣,10002,宜蘭市,南屏國小,51
宜蘭縣,10002,宜蘭市,宜蘭國小,50
宜蘭縣,10002,宜蘭市,新生國小,26
宜蘭縣,10002,宜蘭市,育才國小,19
宜蘭縣,10002,宜蘭市,黎明國小,115
宜蘭縣,10002,礁溪鄉,三民國小,20
宜蘭縣,10002,礁溪鄉,四結國小,21
宜蘭縣,10002,礁溪鄉,玉田國小,18
宜蘭縣,10002,礁溪鄉,礁溪國小,41
宜蘭縣,10002,礁溪鄉,龍潭國小,16
宜蘭縣,10002,礁溪鄉,龍潭國小匏崙分校,7
宜蘭縣,10002,羅東鎮,公正國小,107
宜蘭縣,10002,羅東鎮,北成國小,75
宜蘭縣,10002,羅東鎮,成功國小,28
宜蘭縣,10002,羅東鎮,竹林國小,0
宜蘭縣,10002,羅東鎮,羅東國小,55
宜蘭縣,10002,蘇澳鎮,南安國小,25
宜蘭縣,10002,蘇澳鎮,士敏國小,12
宜蘭縣,10002,蘇澳鎮,岳明國小,27
宜蘭縣,10002,蘇澳鎮,永樂國小,21
宜蘭縣,10002,蘇澳鎮,育英國小,65
宜蘭縣,10002,蘇澳鎮,蓬萊國小,0
宜蘭縣,10002,蘇澳鎮,蘇澳國小,37
宜蘭縣,10002,蘇澳鎮,馬賽國小,56
宜蘭縣,10002,頭城鎮,二城國小,52
宜蘭縣,10002,頭城鎮,人文國中小(國小部),35
宜蘭縣,10002,頭城鎮,大溪國小,18
宜蘭縣,10002,頭城鎮,大里國小,17
宜蘭縣,10002,頭城鎮,梗枋國小,11
宜蘭縣,10002,頭城鎮,竹安國小,18
宜蘭縣,10002,頭城鎮,頭城國小,42
宜蘭縣,10002,頭城鎮,頭城國小外澳分班,8
屏東縣,10013,九如鄉,九如國中,11
屏東縣,10013,佳冬鄉,佳冬國中,45
屏東縣,10013,來義鄉,來義中學,106
屏東縣,10013,內埔鄉,內埔國中,32
屏東縣,10013,內埔鄉,崇文國中,51
屏東縣,10013,南州鄉,南州國中,9
屏東縣,10013,屏東市,中正國中,30
屏東縣,10013,屏東市,公正國中,44
屏東縣,10013,屏東市,大同高中,118
屏東縣,10013,屏東市,明正國中,23
屏東縣,10013,屏東市,至正國中,65
屏東縣,10013,屏東市,鶴聲國中,63
屏東縣,10013,恆春鎮,恆春國中,60
屏東縣,10013,新園鄉,新園國中,36
屏東縣,10013,新埤鄉,新埤國中,28
屏東縣,10013,東港鎮,東新國中,30
屏東縣,10013,東港鎮,東港高中,12
屏東縣,10013,枋寮鄉,枋寮高中,80
屏東縣,10013,枋山鄉,枋寮高中正成分校,32
屏東縣,10013,枋山鄉,獅子國中,28
屏東縣,10013,林邊鄉,林邊國中,2
屏東縣,10013,泰武鄉,泰武國中,9
屏東縣,10013,滿州鄉,滿州國中,3
屏東縣,10013,潮州鎮,光春國中,7
屏東縣,10013,潮州鎮,潮州國中,31
屏東縣,10013,牡丹鄉,牡丹國中,31
屏東縣,10013,琉球鄉,琉球國中,47
屏東縣,10013,瑪家鄉,瑪家國中,31
屏東縣,10013,竹田鄉,竹田國中,32
屏東縣,10013,萬丹鄉,萬丹國中,6
屏東縣,10013,萬丹鄉,萬新國中,52
屏東縣,10013,萬巒鄉,萬巒國中,30
屏東縣,10013,車城鄉,車城國中,13
屏東縣,10013,里港鄉,里港國中,60
屏東縣,10013,長治鄉,長治國中,30
屏東縣,10013,高樹鄉,高樹國中,63
屏東縣,10013,高樹鄉,高泰國中,32
屏東縣,10013,鹽埔鄉,鹽埔國中,33
屏東縣,10013,麟洛鄉,麟洛國中,8
屏東縣,10013,三地門鄉,三地國小,23
屏東縣,10013,三地門鄉,三地國小德文分校,0
屏東縣,10013,三地門鄉,口社國小,18
屏東縣,10013,三地門鄉,賽嘉國小,7
屏東縣,10013,三地門鄉,青山國小,22
屏東縣,10013,三地門鄉,青葉國小,11
屏東縣,10013,九如鄉,三多國小,30
屏東縣,10013,九如鄉,九如國小,46
屏東縣,10013,九如鄉,後庄國小,43
屏東縣,10013,九如鄉,惠農國小,4
屏東縣,10013,佳冬鄉,佳冬國小,31
屏東縣,10013,佳冬鄉,塭子國小,32
屏東縣,10013,佳冬鄉,大新國小,17
屏東縣,10013,佳冬鄉,昌隆國小,23
屏東縣,10013,佳冬鄉,玉光國小,23
屏東縣,10013,佳冬鄉,羌園國小,10
屏東縣,10013,來義鄉,來義國小,20
屏東縣,10013,來義鄉,南和國小,10
屏東縣,10013,來義鄉,古樓國小,11
屏東縣,10013,來義鄉,文樂國小,16
屏東縣,10013,來義鄉,望嘉國小,10
屏東縣,10013,內埔鄉,僑智國小,12
屏東縣,10013,內埔鄉,內埔國小,41
屏東縣,10013,內埔鄉,富田國小,9
屏東縣,10013,內埔鄉,崇文國小,30
屏東縣,10013,內埔鄉,新生國小,12
屏東縣,10013,內埔鄉,東勢國小,20
屏東縣,10013,內埔鄉,東寧國小,36
屏東縣,10013,內埔鄉,榮華國小,33
屏東縣,10013,內埔鄉,泰安國小,28
屏東縣,10013,內埔鄉,育英國小,25
屏東縣,10013,內埔鄉,豐田國小,26
屏東縣,10013,內埔鄉,隘寮國小,10
屏東縣,10013,內埔鄉,黎明國小,38
屏東縣,10013,南州鄉,南州國小,23
屏東縣,10013,南州鄉,同安國小,7
屏東縣,10013,南州鄉,溪北國小,51
屏東縣,10013,南州鄉,溪北國小壽元分班,2
屏東縣,10013,屏東市,中正國小,61
屏東縣,10013,屏東市,仁愛國小,50
屏東縣,10013,屏東市,信義國小,40
屏東縣,10013,屏東市,公館國小,29
屏東縣,10013,屏東市,凌雲國小,34
屏東縣,10013,屏東市,前進國小,10
屏東縣,10013,屏東市,勝利國小,24
屏東縣,10013,屏東市,和平國小,42
屏東縣,10013,屏東市,唐榮國小,3
屏東縣,10013,屏東市,大同國小,28
屏東縣,10013,屏東市,屏東教育大學附小,41
屏東縣,10013,屏東市,崇蘭國小,61
屏東縣,10013,屏東市,建國國小,22
屏東縣,10013,屏東市,復興國小,31
屏東縣,10013,屏東市,忠孝國小,29
屏東縣,10013,屏東市,歸來國小,65
屏東縣,10013,屏東市,民和國小,29
屏東縣,10013,屏東市,民生國小,24
屏東縣,10013,屏東市,海豐國小,33
屏東縣,10013,屏東市,瑞光國小,97
屏東縣,10013,屏東市,鶴聲國小,44
屏東縣,10013,崁頂鄉,力社國小,25
屏東縣,10013,崁頂鄉,崁頂國小,13
屏東縣,10013,崁頂鄉,港東國小,28
屏東縣,10013,恆春鎮,僑勇國小,30
屏東縣,10013,恆春鎮,墾丁國小,6
屏東縣,10013,恆春鎮,墾丁國小鵝鑾分校,16
屏東縣,10013,恆春鎮,大光國小,27
屏東縣,10013,恆春鎮,大平國小,9
屏東縣,10013,恆春鎮,山海國小,24
屏東縣,10013,恆春鎮,恆春國小,62
屏東縣,10013,恆春鎮,恆春國小南灣分校,23
屏東縣,10013,恆春鎮,水泉國小,24
屏東縣,10013,恆春鎮,水泉國小龍泉分校,31
屏東縣,10013,新園鄉,仙吉國小,29
屏東縣,10013,新園鄉,新園國小,50
屏東縣,10013,新園鄉,港西國小,37
屏東縣,10013,新園鄉,烏龍國小,42
屏東縣,10013,新園鄉,瓦瑤國小,18
屏東縣,10013,新園鄉,鹽州國小,84
屏東縣,10013,新埤鄉,大成國小,20
屏東縣,10013,新埤鄉,新埤國小,7
屏東縣,10013,新埤鄉,萬隆國小,42
屏東縣,10013,新埤鄉,餉潭國小,9
屏東縣,10013,春日鄉,力里國小,17
屏東縣,10013,春日鄉,古華國小,21
屏東縣,10013,春日鄉,古華國小士文分校,19
屏東縣,10013,春日鄉,春日國小,16
屏東縣,10013,東港鎮,以栗國小,48
屏東縣,10013,東港鎮,大潭國小,31
屏東縣,10013,東港鎮,東光國小,31
屏東縣,10013,東港鎮,東港國小,60
屏東縣,10013,東港鎮,東興國小,25
屏東縣,10013,東港鎮,東隆國小,60
屏東縣,10013,東港鎮,海濱國小,17
屏東縣,10013,枋寮鄉,僑德國小,32
屏東縣,10013,枋寮鄉,太源分校,20
屏東縣,10013,枋寮鄉,建興國小,36
屏東縣,10013,枋寮鄉,建興國小新開分班,2
屏東縣,10013,枋寮鄉,東海國小,23
屏東縣,10013,枋寮鄉,枋寮國小,32
屏東縣,10013,枋山鄉,加祿國小,17
屏東縣,10013,枋山鄉,加祿國小枋山分校,9
屏東縣,10013,枋山鄉,楓港國小,34
屏東縣,10013,林邊鄉,仁和國小,40
屏東縣,10013,林邊鄉,崎峰國小,19
屏東縣,10013,林邊鄉,林邊國小,22
屏東縣,10013,林邊鄉,水利國小,23
屏東縣,10013,林邊鄉,竹林國小,13
屏東縣,10013,泰武鄉,武潭國小,14
屏東縣,10013,泰武鄉,武潭國小佳平分校,9
屏東縣,10013,泰武鄉,武潭國小平和分校,13
屏東縣,10013,泰武鄉,泰武國小,27
屏東縣,10013,泰武鄉,萬安國小,10
屏東縣,10013,滿州鄉,永港國小,22
屏東縣,10013,滿州鄉,滿州國小,9
屏東縣,10013,滿州鄉,長樂國小,28
屏東縣,10013,潮州鎮,光春國小,29
屏東縣,10013,潮州鎮,光華國小,58
屏東縣,10013,潮州鎮,四林國小,23
屏東縣,10013,潮州鎮,潮南國小,26
屏東縣,10013,潮州鎮,潮和國小,31
屏東縣,10013,潮州鎮,潮州國小,39
屏東縣,10013,潮州鎮,潮昇國小,30
屏東縣,10013,潮州鎮,潮東國小,18
屏東縣,10013,牡丹鄉,牡丹國小,41
屏東縣,10013,牡丹鄉,石門國小,20
屏東縣,10013,牡丹鄉,高士國小,12
屏東縣,10013,牡丹鄉,高士國小牡林分校,12
屏東縣,10013,獅子鄉,丹路國小,20
屏東縣,10013,獅子鄉,內獅國小,20
屏東縣,10013,獅子鄉,楓林國小,22
屏東縣,10013,獅子鄉,草埔國小,17
屏東縣,10013,琉球鄉,全德國小,27
屏東縣,10013,琉球鄉,天南國小,36
屏東縣,10013,琉球鄉,琉球國小,6
屏東縣,10013,琉球鄉,白沙國小,32
屏東縣,10013,瑪家鄉,佳義國小,31
屏東縣,10013,瑪家鄉,北葉國小,10
屏東縣,10013,瑪家鄉,長榮百合國小,35
屏東縣,10013,竹田鄉,大明國小,23
屏東縣,10013,竹田鄉,大明國小鳳明分班,0
屏東縣,10013,竹田鄉,竹田國小,37
屏東縣,10013,竹田鄉,西勢國小,15
屏東縣,10013,萬丹鄉,四維國小,44
屏東縣,10013,萬丹鄉,廣安國小,26
屏東縣,10013,萬丹鄉,新庄國小,32
屏東縣,10013,萬丹鄉,新興國小,36
屏東縣,10013,萬丹鄉,社皮國小,29
屏東縣,10013,萬丹鄉,興化國小,32
屏東縣,10013,萬丹鄉,興華國小,26
屏東縣,10013,萬丹鄉,萬丹國小,31
屏東縣,10013,萬丹鄉,萬丹國小竹林分校,20
屏東縣,10013,萬巒鄉,五溝國小,16
屏東縣,10013,萬巒鄉,佳佐國小,59
屏東縣,10013,萬巒鄉,佳佐國小中興分校,27
屏東縣,10013,萬巒鄉,萬巒國小,26
屏東縣,10013,萬巒鄉,赤山國小,23
屏東縣,10013,車城鄉,車城國小,38
屏東縣,10013,車城鄉,車城國小保力分校,16
屏東縣,10013,車城鄉,車城國小射寮分校,30
屏東縣,10013,車城鄉,車城國小溫泉分校,16
屏東縣,10013,里港鄉,三和國小,12
屏東縣,10013,里港鄉,土庫國小,32
屏東縣,10013,里港鄉,土庫國小信國分校,4
屏東縣,10013,里港鄉,塔樓國小,25
屏東縣,10013,里港鄉,玉田國小,21
屏東縣,10013,里港鄉,載興國小,28
屏東縣,10013,里港鄉,里港國小,32
屏東縣,10013,長治鄉,德協國小,44
屏東縣,10013,長治鄉,繁華國小,30
屏東縣,10013,長治鄉,長興國小,3
屏東縣,10013,霧臺鄉,霧臺國小,11
屏東縣,10013,高樹鄉,南華國小,10
屏東縣,10013,高樹鄉,廣興國小,9
屏東縣,10013,高樹鄉,廣興國小關福分校,9
屏東縣,10013,高樹鄉,新南國小,10
屏東縣,10013,高樹鄉,新豐國小,23
屏東縣,10013,高樹鄉,泰山國小,17
屏東縣,10013,高樹鄉,田子國小,32
屏東縣,10013,高樹鄉,舊寮國小,31
屏東縣,10013,高樹鄉,高樹國小,34
屏東縣,10013,鹽埔鄉,仕絨國小,9
屏東縣,10013,鹽埔鄉,彭厝國小,14
屏東縣,10013,鹽埔鄉,振興國小,20
屏東縣,10013,鹽埔鄉,新圍國小,31
屏東縣,10013,鹽埔鄉,高朗國小,20
屏東縣,10013,鹽埔鄉,鹽埔國小,23
屏東縣,10013,麟洛鄉,麟洛國小,37
彰化縣,10007,二林鎮,二林高中,60
彰化縣,10007,二林鎮,原斗國中,30
彰化縣,10007,二林鎮,萬興國中,9
彰化縣,10007,二水鄉,二水國中,4
彰化縣,10007,伸港鄉,伸港國中,70
彰化縣,10007,北斗鎮,北斗國中,79
彰化縣,10007,和美鎮,和美高中,100
彰化縣,10007,和美鎮,和群國中,55
彰化縣,10007,員林市,員林國中,31
彰化縣,10007,員林市,大同國中,37
彰化縣,10007,員林市,明倫國中,113
彰化縣,10007,埔心鄉,埔心國中,11
彰化縣,10007,埔鹽鄉,埔鹽國中,5
彰化縣,10007,埤頭鄉,埤頭國中,34
彰化縣,10007,大城鄉,大城國中,47
彰化縣,10007,大村鄉,大村國中,74
彰化縣,10007,彰化市,信義國中(小),41
彰化縣,10007,彰化市,彰化藝術高中,69
彰化縣,10007,彰化市,彰安國中,81
彰化縣,10007,彰化市,彰德國中,32
彰化縣,10007,彰化市,彰泰國中,70
彰化縣,10007,彰化市,彰興國中,17
彰化縣,10007,彰化市,陽明國中,87
彰化縣,10007,永靖鄉,永靖國中,76
彰化縣,10007,溪州鄉,溪州國中,51
彰化縣,10007,溪州鄉,溪陽國中,40
彰化縣,10007,溪湖鎮,成功高中附設國中部,2
彰化縣,10007,溪湖鎮,溪湖國中,96
彰化縣,10007,田中鎮,田中國中,102
彰化縣,10007,田尾鄉,田尾國中,35
彰化縣,10007,社頭鄉,社頭國中,62
彰化縣,10007,福興鄉,福興國中,72
彰化縣,10007,福興鄉,鹿港國中,108
彰化縣,10007,秀水鄉,秀水國中,64
彰化縣,10007,竹塘鄉,竹塘國中,3
彰化縣,10007,線西鄉,線西國中,32
彰化縣,10007,芬園鄉,芬園國中,45
彰化縣,10007,花壇鄉,花壇國中,34
彰化縣,10007,芳苑鄉,芳苑國中,29
彰化縣,10007,芳苑鄉,草湖國中,5
彰化縣,10007,鹿港鎮,鹿鳴國中,34
彰化縣,10007,二林鎮,中正國小,52
彰化縣,10007,二林鎮,中興國小,8
彰化縣,10007,二林鎮,二林國小,34
彰化縣,10007,二林鎮,原斗國小,23
彰化縣,10007,二林鎮,廣興國小,5
彰化縣,10007,二林鎮,新生國小,14
彰化縣,10007,二林鎮,育德國小,10
彰化縣,10007,二林鎮,興華國小,11
彰化縣,10007,二林鎮,萬合國小,15
彰化縣,10007,二林鎮,萬興國小,28
彰化縣,10007,二林鎮,香田國小,17
彰化縣,10007,二水鄉,二水國小,83
彰化縣,10007,二水鄉,復興國小,12
彰化縣,10007,二水鄉,源泉國小,33
彰化縣,10007,伸港鄉,伸仁國小,42
彰化縣,10007,伸港鄉,伸東國小,32
彰化縣,10007,伸港鄉,大同國小,80
彰化縣,10007,伸港鄉,新港國小,28
彰化縣,10007,北斗鎮,北斗國小,36
彰化縣,10007,北斗鎮,大新國小,12
彰化縣,10007,北斗鎮,萬來國小,40
彰化縣,10007,北斗鎮,螺陽國小,19
彰化縣,10007,北斗鎮,螺青國小,30
彰化縣,10007,和美鎮,和仁國小,14
彰化縣,10007,和美鎮,和東國小,18
彰化縣,10007,和美鎮,和美國小,62
彰化縣,10007,和美鎮,培英國小,51
彰化縣,10007,和美鎮,大嘉國小,24
彰化縣,10007,和美鎮,大榮國小,31
彰化縣,10007,和美鎮,新庄國小,30
彰化縣,10007,員林市,僑信國小,63
彰化縣,10007,員林市,員東國小,55
彰化縣,10007,員林市,員林國小,87
彰化縣,10007,員林市,明湖國小,5
彰化縣,10007,員林市,東山國小,30
彰化縣,10007,員林市,育英國小,30
彰化縣,10007,員林市,青山國小,39
彰化縣,10007,員林市,靜修國小,72
彰化縣,10007,員林市,饒明國小,18
彰化縣,10007,埔心鄉,埔心國小,34
彰化縣,10007,埔心鄉,太平國小,17
彰化縣,10007,埔心鄉,明聖國小,25
彰化縣,10007,埔心鄉,梧鳳國小,31
彰化縣,10007,埔心鄉,羅厝國小,30
彰化縣,10007,埔心鄉,舊館國小,23
彰化縣,10007,埔心鄉,鳳霞國小,24
彰化縣,10007,埔鹽鄉,南港國小,20
彰化縣,10007,埔鹽鄉,埔鹽國小,34
彰化縣,10007,埔鹽鄉,大園國小,14
彰化縣,10007,埔鹽鄉,天盛國小,27
彰化縣,10007,埔鹽鄉,好修國小,24
彰化縣,10007,埔鹽鄉,新水國小,29
彰化縣,10007,埔鹽鄉,永樂國小,16
彰化縣,10007,埤頭鄉,中和國小,49
彰化縣,10007,埤頭鄉,合興國小,30
彰化縣,10007,埤頭鄉,埤頭國小,20
彰化縣,10007,埤頭鄉,大湖國小,18
彰化縣,10007,埤頭鄉,芙朝國小,31
彰化縣,10007,埤頭鄉,豐崙國小,9
彰化縣,10007,大城鄉,大城國小,29
彰化縣,10007,大城鄉,永光國小,12
彰化縣,10007,大城鄉,潭墘國小,20
彰化縣,10007,大城鄉,美豐國小,29
彰化縣,10007,大城鄉,西港國小,30
彰化縣,10007,大城鄉,頂庄國小,9
彰化縣,10007,大村鄉,大村國小,28
彰化縣,10007,大村鄉,大西國小,22
彰化縣,10007,大村鄉,村上國小,60
彰化縣,10007,大村鄉,村東國小,1
彰化縣,10007,彰化市,三民國小,15
彰化縣,10007,彰化市,中山國小,76
彰化縣,10007,彰化市,信義國(中)小,41
彰化縣,10007,彰化市,南興國小,31
彰化縣,10007,彰化市,南郭國小,188
彰化縣,10007,彰化市,國聖國小,33
彰化縣,10007,彰化市,大成國小,34
彰化縣,10007,彰化市,大竹國小,67
彰化縣,10007,彰化市,平和國小,90
彰化縣,10007,彰化市,平和國小建和分校,12
彰化縣,10007,彰化市,忠孝國小,76
彰化縣,10007,彰化市,快官國小,20
彰化縣,10007,彰化市,東芳國小,9
彰化縣,10007,彰化市,民生國小,157
彰化縣,10007,彰化市,泰和國小,30
彰化縣,10007,彰化市,石牌國小,11
彰化縣,10007,彰化市,聯興國小,21
彰化縣,10007,永靖鄉,德興國小,19
彰化縣,10007,永靖鄉,永興國小,31
彰化縣,10007,永靖鄉,永靖國小,55
彰化縣,10007,永靖鄉,福德國小,27
彰化縣,10007,永靖鄉,福興國小,43
彰化縣,10007,溪州鄉,三條國小,34
彰化縣,10007,溪州鄉,僑義國小,20
彰化縣,10007,溪州鄉,南州國小,27
彰化縣,10007,溪州鄉,圳寮國小,22
彰化縣,10007,溪州鄉,大莊國小,23
彰化縣,10007,溪州鄉,成功國小,26
彰化縣,10007,溪州鄉,成功國小西畔分校,9
彰化縣,10007,溪州鄉,水尾國小,24
彰化縣,10007,溪州鄉,溪州國小,28
彰化縣,10007,溪州鄉,潮洋國小,21
彰化縣,10007,溪湖鎮,媽厝國小,33
彰化縣,10007,溪湖鎮,東溪國小,33
彰化縣,10007,溪湖鎮,湖北國小,60
彰化縣,10007,溪湖鎮,湖南國小,29
彰化縣,10007,溪湖鎮,湖東國小,39
彰化縣,10007,溪湖鎮,湖西國小,28
彰化縣,10007,溪湖鎮,溪湖國小,36
彰化縣,10007,田中鎮,三潭國小,28
彰化縣,10007,田中鎮,內安國小,24
彰化縣,10007,田中鎮,大安國小,29
彰化縣,10007,田中鎮,新民國小,41
彰化縣,10007,田中鎮,明禮國小,21
彰化縣,10007,田中鎮,東和國小,17
彰化縣,10007,田中鎮,田中國小,69
彰化縣,10007,田尾鄉,仁豐國小,40
彰化縣,10007,田尾鄉,南鎮國小,44
彰化縣,10007,田尾鄉,田尾國小,32
彰化縣,10007,田尾鄉,陸豐國小,30
彰化縣,10007,社頭鄉,崙雅國小,56
彰化縣,10007,社頭鄉,朝興國小,4
彰化縣,10007,社頭鄉,橋頭國小,18
彰化縣,10007,社頭鄉,清水國小,13
彰化縣,10007,社頭鄉,湳雅國小,17
彰化縣,10007,社頭鄉,社頭國小,61
彰化縣,10007,社頭鄉,舊社國小,2
彰化縣,10007,福興鄉,大興國小,30
彰化縣,10007,福興鄉,文昌國小,30
彰化縣,10007,福興鄉,日新國小,9
彰化縣,10007,福興鄉,永豐國小,23
彰化縣,10007,福興鄉,管嶼國小,38
彰化縣,10007,福興鄉,育新國小,38
彰化縣,10007,福興鄉,西勢國小,31
彰化縣,10007,秀水鄉,明正國小,18
彰化縣,10007,秀水鄉,秀水國小,24
彰化縣,10007,秀水鄉,育民國小,40
彰化縣,10007,秀水鄉,華龍國小,32
彰化縣,10007,秀水鄉,陝西國小,24
彰化縣,10007,秀水鄉,馬興國小,24
彰化縣,10007,竹塘鄉,土庫國小,15
彰化縣,10007,竹塘鄉,民靖國小,24
彰化縣,10007,竹塘鄉,田頭國小,34
彰化縣,10007,竹塘鄉,竹塘國小,28
彰化縣,10007,竹塘鄉,長安國小,18
彰化縣,10007,線西鄉,曉陽國小,39
彰化縣,10007,線西鄉,線西國小,32
彰化縣,10007,芬園鄉,同安國小,34
彰化縣,10007,芬園鄉,富山國小,25
彰化縣,10007,芬園鄉,寶山國小,41
彰化縣,10007,芬園鄉,文德國小,11
彰化縣,10007,芬園鄉,芬園國小,77
彰化縣,10007,芬園鄉,茄荖國小,25
彰化縣,10007,花壇鄉,三春國小,50
彰化縣,10007,花壇鄉,僑愛國小,30
彰化縣,10007,花壇鄉,文祥國小,24
彰化縣,10007,花壇鄉,白沙國小,36
彰化縣,10007,花壇鄉,花壇國小,60
彰化縣,10007,花壇鄉,華南國小,44
彰化縣,10007,芳苑鄉,建新國小,9
彰化縣,10007,芳苑鄉,後寮國小,16
彰化縣,10007,芳苑鄉,新寶國小,18
彰化縣,10007,芳苑鄉,民權國小,30
彰化縣,10007,芳苑鄉,漢寶國小,24
彰化縣,10007,芳苑鄉,王功國小,26
彰化縣,10007,芳苑鄉,育華國小,29
彰化縣,10007,芳苑鄉,芳苑國小,28
彰化縣,10007,芳苑鄉,草湖國小,31
彰化縣,10007,芳苑鄉,路上國小,16
彰化縣,10007,鹿港鎮,文開國小,40
彰化縣,10007,鹿港鎮,新興國小,39
彰化縣,10007,鹿港鎮,東興國小,37
彰化縣,10007,鹿港鎮,洛津國小,31
彰化縣,10007,鹿港鎮,海埔國小,40
彰化縣,10007,鹿港鎮,草港國小,63
彰化縣,10007,鹿港鎮,頂番國小,38
彰化縣,10007,鹿港鎮,鹿東國小,62
彰化縣,10007,鹿港鎮,鹿港國小,60
新北市,65000,三峽區,三峽國中,120
新北市,65001,三峽區,北大高中(國中部),146
新北市,65002,三峽區,安溪國中,37
新北市,65003,三峽區,明德高中,12
新北市,65004,三芝區,三芝國中,64
新北市,65005,三重區,三和國中,276
新北市,65006,三重區,三重高中,34
新北市,65007,三重區,二重國中,108
新北市,65008,三重區,光榮國中,110
新北市,65009,三重區,明志國中,74
新北市,65010,三重區,碧華國中,25
新北市,65011,中和區,中和國中,130
新北市,65012,中和區,漳和國中,78
新北市,65013,中和區,積穗國中,96
新北市,65014,中和區,自強國中,114
新北市,65015,中和區,錦和高中,311
新北市,65016,五股區,五股國中,174
新北市,65017,八里區,八里國中,20
新北市,65018,土城區,中正國中,185
新北市,65019,土城區,土城國中,71
新北市,65020,土城區,清水高中,140
新北市,65021,坪林區,坪林國中,34
新北市,65022,平溪區,平溪國中,31
新北市,65023,新店區,五峰國中,231
新北市,65024,新店區,安康高中,50
新北市,65025,新店區,文山國中,122
新北市,65026,新店區,達觀國中(小),127
新北市,65027,新莊區,中平國中,257
新北市,65028,新莊區,丹鳳高中附設國中部,136
新北市,65029,新莊區,新泰國中,72
新北市,65030,新莊區,新莊國中,127
新北市,65031,新莊區,福營國中,111
新北市,65032,新莊區,頭前國中,114
新北市,65033,板橋區,中山國中,318
新北市,65034,板橋區,光復國中,128
新北市,65035,板橋區,大觀國中,30
新北市,65036,板橋區,忠孝國中,98
新北市,65037,板橋區,新埔國中,100
新北市,65038,板橋區,板橋國中,107
新北市,65039,板橋區,江翠國中,98
新北市,65040,板橋區,海山高中,162
新北市,65041,板橋區,溪崑國中,191
新北市,65042,板橋區,華僑中學,316
新北市,65043,板橋區,重慶國中,101
新北市,65044,林口區,佳林國中,147
新北市,65045,林口區,崇林國中,138
新北市,65046,林口區,林口國中,77
新北市,65047,樹林區,三多國中,84
新北市,65048,樹林區,柑園國中,61
新北市,65049,樹林區,桃子腳國中(小),116
新北市,65050,樹林區,樹林高中,449
新北市,65051,樹林區,育林國中,134
新北市,65052,永和區,永和國中,69
新北市,65053,永和區,永平高中,256
新北市,65054,永和區,福和國中,200
新北市,65055,汐止區,樟樹國中,34
新北市,65056,汐止區,汐止國中,69
新北市,65057,汐止區,秀峰高中,145
新北市,65058,汐止區,青山國中(小),33
新北市,65059,泰山區,泰山國中,104
新北市,65060,泰山區,義學國中,132
新北市,65061,淡水區,正德國中,84
新北市,65062,淡水區,正德國中賢孝校區,35
新北市,65063,淡水區,淡水國中,106
新北市,65064,淡水區,竹圍國中,122
新北市,65065,深坑區,深坑國中,41
新北市,65066,烏來區,烏來國中(小),63
新北市,65067,瑞芳區,欽賢國中,47
新北市,65068,瑞芳區,欽賢國中鼻頭分校,25
新北市,65069,瑞芳區,瑞芳國中,130
新北市,65070,石碇區,石碇高中,37
新北市,65071,石門區,石門國中,36
新北市,65072,萬里區,萬里國中,51
新北市,65073,蘆洲區,三民高中,89
新北市,65074,蘆洲區,徐匯高中附設國中部,22
新北市,65075,蘆洲區,蘆洲國中,201
新北市,65076,蘆洲區,鷺江國中,196
新北市,65077,貢寮區,豐珠國中(小),25
新北市,65078,貢寮區,貢寮國中,25
新北市,65079,金山區,金山高中,239
新北市,65080,雙溪區,雙溪高中,96
新北市,65081,鶯歌區,尖山國中,33
新北市,65082,鶯歌區,鳳鳴國中,89
新北市,65083,鶯歌區,鶯歌國中,78
新北市,65084,三峽區,三峽國小,125
新北市,65085,三峽區,中園國小,41
新北市,65086,三峽區,五寮國小,11
新北市,65087,三峽區,介壽國小,132
新北市,65088,三峽區,北大國小,34
新北市,65089,三峽區,大埔國小,27
新北市,65090,三峽區,大成國小,74
新北市,65091,三峽區,安溪國小,99
新北市,65092,三峽區,建安國小,29
新北市,65093,三峽區,成福國小,33
新北市,65094,三峽區,插角國小,20
新北市,65095,三峽區,插角國小金敏分校,18
新北市,65096,三峽區,有木國小,16
新北市,65097,三峽區,民義國小,28
新北市,65098,三峽區,龍埔國小,74
新北市,65099,三芝區,三芝國小,156
新北市,65100,三芝區,橫山國小,21
新北市,65101,三芝區,興華國小,14
新北市,65102,三重區,三光國小,66
新北市,65103,三重區,三重國小,134
新北市,65104,三重區,二重國小,71
新北市,65105,三重區,五華國小,71
新北市,65106,三重區,修德國小,151
新北市,65107,三重區,光榮國小,68
新北市,65108,三重區,光興國小,180
新北市,65109,三重區,厚德國小,33
新北市,65110,三重區,正義國小,50
新北市,65111,三重區,永福國小,166
新北市,65112,三重區,碧華國小,105
新北市,65113,三重區,興穀國小,22
新北市,65114,三重區,重陽國小,112
新北市,65115,三重區,集美國小,65
新北市,65116,中和區,中和國小,167
新北市,65117,中和區,光復國小,65
新北市,65118,中和區,復興國小,168
新北市,65119,中和區,景新國小,104
新北市,65120,中和區,秀山國小,6
新北市,65121,中和區,積穗國小,105
新北市,65122,中和區,自強國小,118
新北市,65123,中和區,興南國小,64
新北市,65124,中和區,錦和國小,126
新北市,65125,五股區,五股國小,105
新北市,65126,五股區,德音國小,74
新北市,65127,五股區,成州國小,60
新北市,65128,五股區,更寮國小,24
新北市,65129,八里區,八里國小,100
新北市,65130,八里區,大崁國小,60
新北市,65131,八里區,米倉國小,44
新北市,65132,八里區,長坑國小,19
新北市,65133,土城區,土城國小,120
新北市,65134,土城區,安和國小,122
新北市,65135,土城區,廣福國小,313
新北市,65136,土城區,樂利國小,244
新北市,65137,土城區,清水國小,134
新北市,65138,土城區,頂埔國小,31
新北市,65139,坪林區,坪林國小,6
新北市,65140,坪林區,坪林國小漁光分班,6
新北市,65141,平溪區,十分國小,13
新北市,65142,平溪區,平溪國小,21
新北市,65143,平溪區,菁桐國小,17
新北市,65144,新店區,中正國小,150
新北市,65145,新店區,北新國小,60
新北市,65146,新店區,大豐國小,255
新北市,65147,新店區,安坑國小,245
新北市,65148,新店區,屈尺國小,34
新北市,65149,新店區,屈尺國小廣興分校,10
新北市,65150,新店區,新和國小,96
新北市,65151,新店區,新店國小,99
新北市,65152,新店區,直潭國小,41
新北市,65153,新店區,雙城國小,58
新北市,65154,新店區,雙峰國小,65
新北市,65155,新店區,青潭國小,49
新北市,65156,新店區,龜山國小,21
新北市,65157,新莊區,中信國小,64
新北市,65158,新莊區,中港國小,122
新北市,65159,新莊區,丹鳳國小,100
新北市,65160,新莊區,光華國小,128
新北市,65161,新莊區,國泰國小,88
新北市,65162,新莊區,思賢國小,96
新北市,65163,新莊區,新泰國小,96
新北市,65164,新莊區,新莊國小,88
新北市,65165,新莊區,昌平國小,203
新北市,65166,新莊區,昌隆國小,130
新北市,65167,新莊區,榮富國小,79
新北市,65168,新莊區,民安國小,141
新北市,65169,新莊區,興化國小,39
新北市,65170,新莊區,裕民國小,128
新北市,65171,新莊區,豐年國小,47
新北市,65172,新莊區,頭前國小,58
新北市,65173,板橋區,中山國小,88
新北市,65174,板橋區,信義國小,110
新北市,65175,板橋區,國光國小,70
新北市,65176,板橋區,埔墘國小,127
新北市,65177,板橋區,大觀國小,139
新北市,65178,板橋區,實踐國小,104
新北市,65179,板橋區,後埔國小,219
新北市,65180,板橋區,文德國小,247
新北市,65181,板橋區,文聖國小,72
新北市,65182,板橋區,新埔國小,94
新北市,65183,板橋區,板橋國小,98
新北市,65184,板橋區,江翠國小,64
新北市,65185,板橋區,沙崙國小,63
新北市,65186,板橋區,海山國小,294
新北市,65187,板橋區,溪洲國小,91
新北市,65188,板橋區,莒光國小,121
新北市,65189,板橋區,重慶國小,82
新北市,65190,林口區,南勢國小,32
新北市,65191,林口區,嘉寶國小,15
新北市,65192,林口區,林口國小,192
新北市,65193,林口區,瑞平國小,20
新北市,65194,林口區,興福國小,3
新北市,65195,林口區,頭湖國小,84
新北市,65196,林口區,麗園國小,77
新北市,65197,林口區,麗林國小,153
新北市,65198,樹林區,三多國小,64
新北市,65199,樹林區,大同國小,111
新北市,65200,樹林區,山佳國小,58
新北市,65201,樹林區,彭福國小,32
新北市,65202,樹林區,文林國小,145
新北市,65203,樹林區,柑園國小,32
新北市,65204,樹林區,桃子腳國(中)小,119
新北市,65205,樹林區,樹林國小,146
新北市,65206,樹林區,武林國小,28
新北市,65207,樹林區,育德國小,21
新北市,65208,樹林區,育林國小,41
新北市,65209,永和區,永和國小,236
新北市,65210,永和區,永平國小,120
新北市,65211,永和區,秀朗國小,190
新北市,65212,永和區,網溪國小,149
新北市,65213,永和區,頂溪國小,86
新北市,65214,汐止區,保長國小,15
新北市,65215,汐止區,北峰國小,48
新北市,65216,汐止區,北港國小,32
新北市,65217,汐止區,崇德國小,95
新北市,65218,汐止區,東山國小,20
新北市,65219,汐止區,樟樹國小,100
新北市,65220,汐止區,汐止國小,96
新北市,65221,汐止區,白雲國小,45
新北市,65222,汐止區,秀峰國小,133
新北市,65223,汐止區,金龍國小,66
新北市,65224,汐止區,長安國小,54
新北市,65225,汐止區,青山國(中)小,33
新北市,65226,泰山區,同榮國小,106
新北市,65227,泰山區,明志國小,128
新北市,65228,泰山區,泰山國小,107
新北市,65229,泰山區,義學國小,68
新北市,65230,淡水區,中泰國小,21
新北市,65231,淡水區,坪頂國小,6
新北市,65232,淡水區,天生國小,36
新北市,65233,淡水區,屯山國小,11
新北市,65234,淡水區,忠山國小,15
新北市,65235,淡水區,文化國小,45
新北市,65236,淡水區,新市國小,80
新北市,65237,淡水區,新興國小,115
新北市,65238,淡水區,水源國小,26
新北市,65239,淡水區,淡水國小,124
新北市,65240,淡水區,竹圍國小,65
新北市,65241,淡水區,竹圍國小自強分校,19
新北市,65242,淡水區,育英國小,35
新北市,65243,淡水區,興仁國小,48
新北市,65244,淡水區,鄧公國小,150
新北市,65245,深坑區,深坑國小,68
新北市,65246,烏來區,烏來國(中)小,86
新北市,65247,烏來區,福山國小,16
新北市,65248,瑞芳區,九份國小,22
新北市,65249,瑞芳區,吉慶國小,54
新北市,65250,瑞芳區,濂洞國小,21
新北市,65251,瑞芳區,猴硐國小,8
新北市,65252,瑞芳區,瑞亭國小,12
新北市,65253,瑞芳區,瑞柑國小,16
新北市,65254,瑞芳區,瑞濱國小,27
新北市,65255,瑞芳區,瑞芳國小,85
新北市,65256,瑞芳區,瓜山國小,30
新北市,65257,瑞芳區,義方國小,21
新北市,65258,瑞芳區,鼻頭國小,12
新北市,65259,石碇區,和平國小,13
新北市,65260,石碇區,永定國小,22
新北市,65261,石碇區,石碇國小,59
新北市,65262,石碇區,雲海國小,15
新北市,65263,石門區,乾華國小,10
新北市,65264,石門區,石門國小,23
新北市,65265,石門區,老梅國小,15
新北市,65266,萬里區,大坪國小,20
新北市,65267,萬里區,大鵬國小,9
新北市,65268,萬里區,崁腳國小,19
新北市,65269,萬里區,萬里國小,45
新北市,65270,萬里區,野柳國小,4
新北市,65271,蘆洲區,仁愛國小,193
新北市,65272,蘆洲區,忠義國小,122
新北市,65273,蘆洲區,成功國小,99
新北市,65274,蘆洲區,蘆洲國小,37
新北市,65275,蘆洲區,鷺江國小,4
新北市,65276,貢寮區,和美國小,10
新北市,65277,貢寮區,澳底國小,28
新北市,65278,貢寮區,福連國小,16
新北市,65279,貢寮區,福隆國小,12
新北市,65280,貢寮區,貢寮國小,33
新北市,65281,金山區,三和國小,15
新北市,65282,金山區,中角國小,30
新北市,65283,金山區,金山國小,61
新北市,65284,金山區,金美國小,79
新北市,65285,雙溪區,上林國小,7
新北市,65286,雙溪區,柑林國小,15
新北市,65287,雙溪區,牡丹國小,21
新北市,65288,雙溪區,雙溪國小,20
新北市,65289,鶯歌區,中湖國小,67
新北市,65290,鶯歌區,二橋國小,77
新北市,65291,鶯歌區,建國國小,170
新北市,65292,鶯歌區,昌福國小,82
新北市,65293,鶯歌區,永吉國小,79
新北市,65294,鶯歌區,鳳鳴國小,106
新北市,65295,鶯歌區,鶯歌國小,76
新竹市,10018,北區,光華國中,174
新竹市,10018,北區,南華國中,55
新竹市,10018,北區,竹光國中,68
新竹市,10018,東區,三民國中,68
新竹市,10018,東區,光武國中,82
新竹市,10018,東區,內湖國中,43
新竹市,10018,東區,國立科學工業園區實驗高級中學國中部,57
新竹市,10018,東區,培英國中,70
新竹市,10018,東區,富禮國中,11
新竹市,10018,東區,建功高中,53
新竹市,10018,東區,建華國中,69
新竹市,10018,東區,成德高中,7
新竹市,10018,東區,新科國中,62
新竹市,10018,東區,育賢國中,83
新竹市,10018,香山區,虎林國中,75
新竹市,10018,香山區,香山高中,44
新竹市,10018,北區,南寮國小,75
新竹市,10018,北區,新竹教育大學附小,72
新竹市,10018,北區,民富國小,111
新竹市,10018,北區,舊社國小,58
新竹市,10018,北區,西門國小,67
新竹市,10018,北區,載熙國小,70
新竹市,10018,東區,三民國小,225
新竹市,10018,東區,北門國小,65
新竹市,10018,東區,國立科學工業園區實驗高級中學國小部,57
新竹市,10018,東區,建功國小,68
新竹市,10018,東區,新竹國小,60
新竹市,10018,東區,新竹市華德福實驗學校,0
新竹市,10018,東區,東園國小,70
新竹市,10018,東區,東門國小,91
新竹市,10018,東區,水源國小,35
新竹市,10018,東區,科園國小,80
新竹市,10018,東區,竹蓮國小,44
新竹市,10018,東區,關東國小,64
新竹市,10018,東區,陽光國小,41
新竹市,10018,東區,青草湖國小,23
新竹市,10018,東區,高峰國小,33
新竹市,10018,東區,龍山國小,67
新竹市,10018,香山區,內湖國小,31
新竹市,10018,香山區,南隘國小,18
新竹市,10018,香山區,大庄國小,32
新竹市,10018,香山區,大湖國小,15
新竹市,10018,香山區,朝山國小,30
新竹市,10018,香山區,港南國小,13
新竹市,10018,香山區,茄苳國小,32
新竹市,10018,香山區,虎林國小,58
新竹市,10018,香山區,頂埔國小,37
新竹市,10018,香山區,香山國小,30
新竹縣,10004,五峰鄉,五峰國中,30
新竹縣,10004,北埔鄉,北埔國中,16
新竹縣,10004,寶山鄉,寶山國中,71
新竹縣,10004,寶山鄉,寶山國中莒光分部,16
新竹縣,10004,尖石鄉,尖石國中,45
新竹縣,10004,峨嵋鄉,峨眉國中,10
新竹縣,10004,新埔鎮,新埔國中,65
新竹縣,10004,新埔鎮,照門國中,37
新竹縣,10004,新豐鄉,忠孝國中,80
新竹縣,10004,新豐鄉,新豐國中,61
新竹縣,10004,新豐鄉,精華國中,6
新竹縣,10004,橫山鄉,橫山國中,1
新竹縣,10004,橫山鄉,華山國中,25
新竹縣,10004,湖口鄉,中正國中,44
新竹縣,10004,湖口鄉,新湖國中,54
新竹縣,10004,湖口鄉,湖口高中,85
新竹縣,10004,竹北市,仁愛國中,82
新竹縣,10004,竹北市,六家國中,65
新竹縣,10004,竹北市,博愛國中,95
新竹縣,10004,竹北市,成功國中,67
新竹縣,10004,竹北市,東興國中,32
新竹縣,10004,竹北市,竹北國中,108
新竹縣,10004,竹北市,鳳岡國中,12
新竹縣,10004,竹東鎮,二重國中,35
新竹縣,10004,竹東鎮,員東國中,32
新竹縣,10004,竹東鎮,竹東國中,67
新竹縣,10004,竹東鎮,自強國中,109
新竹縣,10004,芎林鄉,芎林國中,22
新竹縣,10004,關西鎮,富光國中,41
新竹縣,10004,關西鎮,石光國中,22
新竹縣,10004,關西鎮,關西國中,72
新竹縣,10004,五峰鄉,五峰國小,19
新竹縣,10004,五峰鄉,桃山國小,28
新竹縣,10004,五峰鄉,花園國小,10
新竹縣,10004,五峰鄉,花園國小竹林分校,4
新竹縣,10004,北埔鄉,北埔國小,54
新竹縣,10004,北埔鄉,大坪國小,41
新竹縣,10004,寶山鄉,寶山國小,19
新竹縣,10004,寶山鄉,寶山國小山湖分校,14
新竹縣,10004,寶山鄉,新城國小,10
新竹縣,10004,寶山鄉,雙溪國小,31
新竹縣,10004,尖石鄉,嘉興國小,19
新竹縣,10004,尖石鄉,嘉興國小義興分校,9
新竹縣,10004,尖石鄉,尖石國小,10
新竹縣,10004,尖石鄉,新光國小,10
新竹縣,10004,尖石鄉,新光國小司馬庫斯實驗分班,0
新竹縣,10004,尖石鄉,新樂國小,27
新竹縣,10004,尖石鄉,梅花國小,1
新竹縣,10004,尖石鄉,玉峰國小,9
新竹縣,10004,尖石鄉,石磊國小,10
新竹縣,10004,尖石鄉,秀巒國小,18
新竹縣,10004,尖石鄉,秀巒國小田埔分校,5
新竹縣,10004,尖石鄉,錦屏國小,19
新竹縣,10004,峨嵋鄉,富興國小,20
新竹縣,10004,峨嵋鄉,峨眉國小,27
新竹縣,10004,新埔鎮,北平國小,42
新竹縣,10004,新埔鎮,寶石國小,20
新竹縣,10004,新埔鎮,文山國小,27
新竹縣,10004,新埔鎮,新埔國小,31
新竹縣,10004,新埔鎮,新星國小,29
新竹縣,10004,新埔鎮,枋寮國小,30
新竹縣,10004,新埔鎮,清水國小,12
新竹縣,10004,新埔鎮,照東國小,16
新竹縣,10004,新埔鎮,照門國小,9
新竹縣,10004,新豐鄉,埔和國小,28
新竹縣,10004,新豐鄉,山崎國小,97
新竹縣,10004,新豐鄉,新豐國小,62
新竹縣,10004,新豐鄉,松林國小,61
新竹縣,10004,新豐鄉,瑞興國小,26
新竹縣,10004,新豐鄉,福興國小,13
新竹縣,10004,新豐鄉,福龍國小,17
新竹縣,10004,橫山鄉,內灣國小,34
新竹縣,10004,橫山鄉,大肚國小,59
新竹縣,10004,橫山鄉,橫山國小,36
新竹縣,10004,橫山鄉,沙坑國小,12
新竹縣,10004,橫山鄉,田寮國小,11
新竹縣,10004,湖口鄉,中興國小,77
新竹縣,10004,湖口鄉,信勢國小,74
新竹縣,10004,湖口鄉,和興國小,29
新竹縣,10004,湖口鄉,新湖國小,62
新竹縣,10004,湖口鄉,湖口國小,29
新竹縣,10004,湖口鄉,華興國小,19
新竹縣,10004,湖口鄉,長安國小,12
新竹縣,10004,竹北市,中正國小,68
新竹縣,10004,竹北市,光明國小,79
新竹縣,10004,竹北市,六家國小,72
新竹縣,10004,竹北市,十興國小,98
新竹縣,10004,竹北市,博愛國小,64
新竹縣,10004,竹北市,安興國小,0
新竹縣,10004,竹北市,新港國小,9
新竹縣,10004,竹北市,新社國小,53
新竹縣,10004,竹北市,東海國小,39
新竹縣,10004,竹北市,東興國小,74
新竹縣,10004,竹北市,竹仁國小,68
新竹縣,10004,竹北市,竹北國小,82
新竹縣,10004,竹北市,興隆國小,97
新竹縣,10004,竹北市,豐田國小,40
新竹縣,10004,竹北市,鳳岡國小,30
新竹縣,10004,竹北市,麻園國小,17
新竹縣,10004,竹東鎮,上館國小,60
新竹縣,10004,竹東鎮,中山國小,36
新竹縣,10004,竹東鎮,二重國小,61
新竹縣,10004,竹東鎮,員崠國小,27
新竹縣,10004,竹東鎮,大同國小,62
新竹縣,10004,竹東鎮,瑞峰國小,12
新竹縣,10004,竹東鎮,竹中國小,26
新竹縣,10004,竹東鎮,竹東國小,31
新竹縣,10004,竹東鎮,陸豐國小,21
新竹縣,10004,芎林鄉,五龍國小,29
新竹縣,10004,芎林鄉,碧潭國小,4
新竹縣,10004,芎林鄉,芎林國小,30
新竹縣,10004,關西鎮,南和國小,9
新竹縣,10004,關西鎮,坪林國小,12
新竹縣,10004,關西鎮,太平國小,6
新竹縣,10004,關西鎮,東光國小,29
新竹縣,10004,關西鎮,東安國小,28
新竹縣,10004,關西鎮,玉山國小,14
新竹縣,10004,關西鎮,石光國小,40
新竹縣,10004,關西鎮,錦山國小,5
新竹縣,10004,關西鎮,關西國小,37
桃園市,68000,中壢區,內壢國中,25
桃園市,68000,中壢區,大崙國中,38
桃園市,68000,中壢區,新明國中,14
桃園市,68000,中壢區,東興國中,198
桃園市,68000,中壢區,自強國中,2
桃園市,68000,中壢區,興南國中,73
桃園市,68000,中壢區,過嶺國中,75
桃園市,68000,中壢區,青埔國中,96
桃園市,68000,中壢區,龍岡國中,16
桃園市,68000,中壢區,龍興國中,65
桃園市,68000,八德區,八德國中,227
桃園市,68000,八德區,大成國中,117
桃園市,68000,八德區,永豐高中-國中部,59
桃園市,68000,大園區,大園國中,81
桃園市,68000,大園區,竹圍國中,104
桃園市,68000,大溪區,仁和國中,70
桃園市,68000,大溪區,大溪國中,62
桃園市,68000,平鎮區,中壢國中,105
桃園市,68000,平鎮區,六和高中-國中部,43
桃園市,68000,平鎮區,平南國中,62
桃園市,68000,平鎮區,平興國中,102
桃園市,68000,平鎮區,平鎮國中,26
桃園市,68000,平鎮區,復旦高中-國中部,109
桃園市,68000,平鎮區,東安國中,77
桃園市,68000,復興區,介壽國中,42
桃園市,68000,新屋區,大坡國中,26
桃園市,68000,新屋區,新屋國中,80
桃園市,68000,新屋區,永安國中,2
桃園市,68000,新屋區,清華高中-國中部,204
桃園市,68000,桃園區,中興國中,99
桃園市,68000,桃園區,同德國中,140
桃園市,68000,桃園區,大有國中,103
桃園市,68000,桃園區,建國國中,86
桃園市,68000,桃園區,慈文國中,62
桃園市,68000,桃園區,振聲高中-國中部,156
桃園市,68000,桃園區,文昌國中,110
桃園市,68000,桃園區,新興高中-國中部,235
桃園市,68000,桃園區,會稽國中,23
桃園市,68000,桃園區,桃園國中,115
桃園市,68000,桃園區,福豐國中,102
桃園市,68000,桃園區,經國國中,93
桃園市,68000,桃園區,青溪國中,158
桃園市,68000,楊梅區,仁美國中,39
桃園市,68000,楊梅區,大華高中,52
桃園市,68000,楊梅區,富岡國中,34
桃園市,68000,楊梅區,楊光國中小-國中部,34
桃園市,68000,楊梅區,楊明國中,51
桃園市,68000,楊梅區,楊梅國中,71
桃園市,68000,楊梅區,楊梅國中秀才分校,29
桃園市,68000,楊梅區,治平高中-國中部,84
桃園市,68000,楊梅區,瑞原國中,84
桃園市,68000,楊梅區,瑞坪國中,108
桃園市,68000,蘆竹區,光明國中,101
桃園市,68000,蘆竹區,南崁國中,148
桃園市,68000,蘆竹區,大竹國中,77
桃園市,68000,蘆竹區,山腳國中,34
桃園市,68000,觀音區,草漯國中,92
桃園市,68000,觀音區,觀音國中,61
桃園市,68000,觀音區,觀音高中-國中部,39
桃園市,68000,龍潭區,凌雲國中,68
桃園市,68000,龍潭區,武漢國中,33
桃園市,68000,龍潭區,石門國中,36
桃園市,68000,龍潭區,龍潭國中,21
桃園市,68000,龜山區,大崗國中,86
桃園市,68000,龜山區,幸福國中,26
桃園市,68000,龜山區,迴龍國中小-國中部,17
桃園市,68000,龜山區,龜山國中,81
桃園市,68000,中壢區,中原國小,78
桃園市,68000,中壢區,中壢國小,40
桃園市,68000,中壢區,中平國小,127
桃園市,68000,中壢區,中正國小,65
桃園市,68000,中壢區,信義國小,163
桃園市,68000,中壢區,元生國小,76
桃園市,68000,中壢區,內壢國小,78
桃園市,68000,中壢區,內定國小,30
桃園市,68000,中壢區,大崙國小,365
桃園市,68000,中壢區,富台國小,6
桃園市,68000,中壢區,山東國小,35
桃園市,68000,中壢區,忠福國小,34
桃園市,68000,中壢區,新明國小,134
桃園市,68000,中壢區,新街國小,62
桃園市,68000,中壢區,普仁國小,70
桃園市,68000,中壢區,有得國小,82
桃園市,68000,中壢區,林森國小,71
桃園市,68000,中壢區,自立國小,62
桃園市,68000,中壢區,興仁國小,98
桃園市,68000,中壢區,興國國小,63
桃園市,68000,中壢區,芭里國小,16
桃園市,68000,中壢區,華勛國小,84
桃園市,68000,中壢區,青埔國小,26
桃園市,68000,中壢區,龍岡國小,70
桃園市,68000,八德區,八德國小,45
桃園市,68000,八德區,大勇國小,138
桃園市,68000,八德區,大安國小,31
桃園市,68000,八德區,大忠國小,71
桃園市,68000,八德區,大成國小,90
桃園市,68000,八德區,廣興國小,39
桃園市,68000,八德區,瑞豐國小,129
桃園市,68000,八德區,茄苳國小,96
桃園市,68000,八德區,霄裡國小,21
桃園市,68000,大園區,五權國小,29
桃園市,68000,大園區,內海國小,36
桃園市,68000,大園區,后厝國小,29
桃園市,68000,大園區,圳頭國小,26
桃園市,68000,大園區,埔心國小,28
桃園市,68000,大園區,大園國小,75
桃園市,68000,大園區,果林國小,38
桃園市,68000,大園區,沙崙國小,22
桃園市,68000,大園區,溪海國小,44
桃園市,68000,大園區,潮音國小,34
桃園市,68000,大園區,竹圍國小,74
桃園市,68000,大園區,陳康國小,24
桃園市,68000,大溪區,中興國小,32
桃園市,68000,大溪區,仁和國小,139
桃園市,68000,大溪區,仁善國小,54
桃園市,68000,大溪區,僑愛國小,75
桃園市,68000,大溪區,內柵國小,31
桃園市,68000,大溪區,南興國小,18
桃園市,68000,大溪區,員樹林國小,31
桃園市,68000,大溪區,大溪國小,42
桃園市,68000,大溪區,永福國小,10
桃園市,68000,大溪區,瑞祥國小,19
桃園市,68000,大溪區,田心國小,62
桃園市,68000,大溪區,百吉國小,33
桃園市,68000,大溪區,福安國小,46
桃園市,68000,大溪區,美華國小,16
桃園市,68000,平鎮區,北勢國小,17
桃園市,68000,平鎮區,南勢國小,64
桃園市,68000,平鎮區,宋屋國小,36
桃園市,68000,平鎮區,山豐國小,65
桃園市,68000,平鎮區,平興國小,92
桃園市,68000,平鎮區,復旦國小,39
桃園市,68000,平鎮區,忠貞國小,84
桃園市,68000,平鎮區,文化國小,131
桃園市,68000,平鎮區,新勢國小,53
桃園市,68000,平鎮區,新榮國小,39
桃園市,68000,平鎮區,東勢國小,30
桃園市,68000,平鎮區,東安國小,106
桃園市,68000,平鎮區,祥安國小,45
桃園市,68000,平鎮區,義興國小,35
桃園市,68000,復興區,三光國小,16
桃園市,68000,復興區,三民國小,9
桃園市,68000,復興區,介壽國小,16
桃園市,68000,復興區,光華國小,9
桃園市,68000,復興區,奎輝國小,22
桃園市,68000,復興區,巴崚國小,23
桃園市,68000,復興區,羅浮國小,22
桃園市,68000,復興區,義盛國小,12
桃園市,68000,復興區,長興國小,17
桃園市,68000,復興區,霞雲國小,12
桃園市,68000,復興區,高義國小,8
桃園市,68000,新屋區,北湖國小,18
桃園市,68000,新屋區,啟文國小,18
桃園市,68000,新屋區,埔頂國小,13
桃園市,68000,新屋區,大坡國小,24
桃園市,68000,新屋區,新屋國小,62
桃園市,68000,新屋區,東明國小,27
桃園市,68000,新屋區,永安國小,42
桃園市,68000,新屋區,社子國小,18
桃園市,68000,新屋區,笨港國小,26
桃園市,68000,新屋區,蚵間國小,8
桃園市,68000,新屋區,頭洲國小,23
桃園市,68000,桃園區,中埔國小,19
桃園市,68000,桃園區,中山國小,98
桃園市,68000,桃園區,北門國小,27
桃園市,68000,桃園區,南門國小,116
桃園市,68000,桃園區,同安國小,64
桃園市,68000,桃園區,同德國小,69
桃園市,68000,桃園區,大有國小,91
桃園市,68000,桃園區,大業國小,32
桃園市,68000,桃園區,建國國小,65
桃園市,68000,桃園區,建德國小,150
桃園市,68000,桃園區,快樂國小,34
桃園市,68000,桃園區,慈文國小,83
桃園市,68000,桃園區,成功國小,61
桃園市,68000,桃園區,文山國小,68
桃園市,68000,桃園區,新埔國小,35
桃園市,68000,桃園區,新興高中-國小部,235
桃園市,68000,桃園區,會稽國小,13
桃園市,68000,桃園區,東門國小,69
桃園市,68000,桃園區,桃園國小,73
桃園市,68000,桃園區,永順國小,78
桃園市,68000,桃園區,莊敬國小,86
桃園市,68000,桃園區,西門國小,60
桃園市,68000,桃園區,青溪國小,51
桃園市,68000,桃園區,龍山國小,70
桃園市,68000,楊梅區,上湖國小,28
桃園市,68000,楊梅區,上田國小,25
桃園市,68000,楊梅區,四維國小,30
桃園市,68000,楊梅區,大同國小,60
桃園市,68000,楊梅區,富岡國小,40
桃園市,68000,楊梅區,楊光國中小-國小部,50
桃園市,68000,楊梅區,楊心國小,55
桃園市,68000,楊梅區,楊明國小,83
桃園市,68000,楊梅區,楊梅國小,67
桃園市,68000,楊梅區,水美國小,30
桃園市,68000,楊梅區,瑞原國小,9
桃園市,68000,楊梅區,瑞埔國小,66
桃園市,68000,楊梅區,瑞塘國小,64
桃園市,68000,楊梅區,瑞梅國小,49
桃園市,68000,楊梅區,高榮國小,33
桃園市,68000,蘆竹區,光明國小,80
桃園市,68000,蘆竹區,公埔國小,33
桃園市,68000,蘆竹區,南崁國小,54
桃園市,68000,蘆竹區,外社國小,26
桃園市,68000,蘆竹區,大竹國小,124
桃園市,68000,蘆竹區,大華國小,47
桃園市,68000,蘆竹區,山腳國小,43
桃園市,68000,蘆竹區,新興國小,29
桃園市,68000,蘆竹區,新莊國小,30
桃園市,68000,蘆竹區,海湖國小,31
桃園市,68000,蘆竹區,蘆竹國小,29
桃園市,68000,蘆竹區,錦興國小,37
桃園市,68000,蘆竹區,頂社國小,35
桃園市,68000,蘆竹區,龍安國小,62
桃園市,68000,觀音區,上大國小,32
桃園市,68000,觀音區,保生國小,12
桃園市,68000,觀音區,大潭國小,20
桃園市,68000,觀音區,富林國小,19
桃園市,68000,觀音區,崙坪國小,24
桃園市,68000,觀音區,新坡國小,39
桃園市,68000,觀音區,樹林國小,12
桃園市,68000,觀音區,育仁國小,20
桃園市,68000,觀音區,草漯國小,66
桃園市,68000,觀音區,觀音國小,80
桃園市,68000,龍潭區,三和國小,15
桃園市,68000,龍潭區,三坑國小,26
桃園市,68000,龍潭區,德龍國小,19
桃園市,68000,龍潭區,武漢國小,63
桃園市,68000,龍潭區,潛龍國小,67
桃園市,68000,龍潭區,石門國小,185
桃園市,68000,龍潭區,福祿貝爾小學,14
桃園市,68000,龍潭區,諾瓦國小,15
桃園市,68000,龍潭區,雙龍國小,99
桃園市,68000,龍潭區,高原國小,36
桃園市,68000,龍潭區,龍星國小,76
桃園市,68000,龍潭區,龍源國小,24
桃園市,68000,龍潭區,龍潭國小,29
桃園市,68000,龜山區,南美國小,69
桃園市,68000,龜山區,壽山國小,24
桃園市,68000,龜山區,大坑國小,38
桃園市,68000,龜山區,大埔國小,9
桃園市,68000,龜山區,大崗國小,44
桃園市,68000,龜山區,大湖國小,31
桃園市,68000,龜山區,山頂國小,50
桃園市,68000,龜山區,幸福國小,63
桃園市,68000,龜山區,文欣國小,29
桃園市,68000,龜山區,文華國小,39
桃園市,68000,龜山區,新路國小,26
桃園市,68000,龜山區,楓樹國小,37
桃園市,68000,龜山區,樂善國小,51
桃園市,68000,龜山區,福源國小,18
桃園市,68000,龜山區,自強國小,74
桃園市,68000,龜山區,迴龍國中小-國小部,25
桃園市,68000,龜山區,長庚國小,35
桃園市,68000,龜山區,龍壽國小,0
桃園市,68000,龜山區,龜山國小,52
澎湖縣,10016,七美鄉,七美國中,24
澎湖縣,10016,望安鄉,將澳國中,7
澎湖縣,10016,望安鄉,望安國中,8
澎湖縣,10016,湖西鄉,志清國中,3
澎湖縣,10016,湖西鄉,湖西國中,10
澎湖縣,10016,白沙鄉,吉貝國中,12
澎湖縣,10016,白沙鄉,白沙國中,36
澎湖縣,10016,白沙鄉,鎮海國中,20
澎湖縣,10016,白沙鄉,鳥嶼國中,11
澎湖縣,10016,西嶼鄉,西嶼國中,35
澎湖縣,10016,馬公市,中正國中,10
澎湖縣,10016,馬公市,中正國中虎井分部,3
澎湖縣,10016,馬公市,文光國中,32
澎湖縣,10016,馬公市,澎南國中,29
澎湖縣,10016,馬公市,馬公國中,55
澎湖縣,10016,七美鄉,七美國小,15
澎湖縣,10016,七美鄉,雙湖國小,8
澎湖縣,10016,望安鄉,將軍國小,7
澎湖縣,10016,望安鄉,望安國小,17
澎湖縣,10016,望安鄉,花嶼國小,1
澎湖縣,10016,湖西鄉,成功國小,15
澎湖縣,10016,湖西鄉,沙港國小,6
澎湖縣,10016,湖西鄉,湖西國小,12
澎湖縣,10016,湖西鄉,西溪國小,25
澎湖縣,10016,湖西鄉,隘門國小,11
澎湖縣,10016,湖西鄉,龍門國小,15
澎湖縣,10016,白沙鄉,中屯國小,7
澎湖縣,10016,白沙鄉,吉貝國小,11
澎湖縣,10016,白沙鄉,後寮國小,11
澎湖縣,10016,白沙鄉,講美國小,12
澎湖縣,10016,白沙鄉,赤崁國小,19
澎湖縣,10016,白沙鄉,鳥嶼國小,21
澎湖縣,10016,西嶼鄉,內垵國小,12
澎湖縣,10016,西嶼鄉,合橫國小,11
澎湖縣,10016,西嶼鄉,外垵國小,6
澎湖縣,10016,西嶼鄉,大池國小,6
澎湖縣,10016,西嶼鄉,池東國小,13
澎湖縣,10016,西嶼鄉,竹灣國小,9
澎湖縣,10016,馬公市,中山國小,36
澎湖縣,10016,馬公市,中正國小,31
澎湖縣,10016,馬公市,中興國小,55
澎湖縣,10016,馬公市,五德國小,27
澎湖縣,10016,馬公市,山水國小,13
澎湖縣,10016,馬公市,文光國小,18
澎湖縣,10016,馬公市,文澳國小,77
澎湖縣,10016,馬公市,時裡國小,20
澎湖縣,10016,馬公市,東衛國小,9
澎湖縣,10016,馬公市,石泉國小,55
澎湖縣,10016,馬公市,興仁國小,6
澎湖縣,10016,馬公市,虎井國小,10
澎湖縣,10016,馬公市,風櫃國小,16
澎湖縣,10016,馬公市,馬公國小,4
臺中市,66000,北區,五權國中,32
臺中市,66000,北區,立人國中,70
臺中市,66000,北區,雙十國中,37
臺中市,66000,北屯區,三光國中,76
臺中市,66000,北屯區,北新國中,121
臺中市,66000,北屯區,四張犁國中,88
臺中市,66000,北屯區,大德國中,39
臺中市,66000,北屯區,崇德國中,78
臺中市,66000,北屯區,東山高中附設國中部,115
臺中市,66000,南區,四育國中,154
臺中市,66000,南區,崇倫國中,79
臺中市,66000,南屯區,大墩國中,45
臺中市,66000,南屯區,大業國中,13
臺中市,66000,南屯區,惠文高中,89
臺中市,66000,南屯區,萬和國中,8
臺中市,66000,南屯區,黎明國中,42
臺中市,66000,后里區,后綜高中,158
臺中市,66000,后里區,后里國中,71
臺中市,66000,和平區,和平國中,21
臺中市,66000,和平區,梨山國中小,18
臺中市,66000,外埔區,外埔國中,11
臺中市,66000,大安區,大安國中,29
臺中市,66000,大甲區,大甲國中,126
臺中市,66000,大甲區,日南國中,118
臺中市,66000,大甲區,順天國中,66
臺中市,66000,大肚區,大道國中,5
臺中市,66000,大里區,光榮國中,128
臺中市,66000,大里區,光正國中,69
臺中市,66000,大里區,大里高中,70
臺中市,66000,大里區,成功國中,66
臺中市,66000,大里區,爽文國中,112
臺中市,66000,大里區,立新國中,96
臺中市,66000,大雅區,大華國中,68
臺中市,66000,大雅區,大雅國中,90
臺中市,66000,太平區,中平國中,93
臺中市,66000,太平區,太平國中,52
臺中市,66000,太平區,新光國中,47
臺中市,66000,太平區,長億高中,9
臺中市,66000,新社區,新社高中,112
臺中市,66000,東勢區,東勢國中,109
臺中市,66000,東勢區,東新國中,50
臺中市,66000,東勢區,東華國中,19
臺中市,66000,東區,東峰國中,3
臺中市,66000,東區,育英國中,87
臺中市,66000,梧棲區,中港高中,23
臺中市,66000,梧棲區,梧棲國中,80
臺中市,66000,沙鹿區,公明國中,4
臺中市,66000,沙鹿區,北勢國中,18
臺中市,66000,沙鹿區,沙鹿國中,36
臺中市,66000,沙鹿區,鹿寮國中,65
臺中市,66000,清水區,清水國中,34
臺中市,66000,清水區,清泉國中,32
臺中市,66000,清水區,清海國中,16
臺中市,66000,潭子區,潭子國中,36
臺中市,66000,潭子區,潭秀國中,116
臺中市,66000,烏日區,光德國中,72
臺中市,66000,烏日區,溪南國中,92
臺中市,66000,烏日區,烏日國中,18
臺中市,66000,石岡區,石岡國中,31
臺中市,66000,神岡區,神圳國中,63
臺中市,66000,神岡區,神岡國中,59
臺中市,66000,西區,光明國中,75
臺中市,66000,西區,向上國中,59
臺中市,66000,西區,居仁國中,37
臺中市,66000,西區,忠明高中,72
臺中市,66000,西屯區,中山國中,94
臺中市,66000,西屯區,安和國中,93
臺中市,66000,西屯區,漢口國中,47
臺中市,66000,西屯區,福科國中,74
臺中市,66000,西屯區,至善國中,66
臺中市,66000,西屯區,西苑高中,119
臺中市,66000,豐原區,豐南國中,77
臺中市,66000,豐原區,豐原國中,80
臺中市,66000,豐原區,豐東國中,108
臺中市,66000,豐原區,豐陽國中,32
臺中市,66000,霧峰區,光復國中(小),26
臺中市,66000,霧峰區,霧峰國中,75
臺中市,66000,龍井區,四箴國中,60
臺中市,66000,龍井區,龍井國中,32
臺中市,66000,龍井區,龍津國中,34
臺中市,66000,中區,光復國小,55
臺中市,66000,北區,中華國小,73
臺中市,66000,北區,健行國小,34
臺中市,66000,北區,台中教育大學附小,56
臺中市,66000,北區,太平國小,77
臺中市,66000,北區,省三國小,90
臺中市,66000,北區,立人國小,54
臺中市,66000,北區,篤行國小,69
臺中市,66000,北區,賴厝國小,126
臺中市,66000,北屯區,仁愛國小,64
臺中市,66000,北屯區,仁美國小,99
臺中市,66000,北屯區,僑孝國小,91
臺中市,66000,北屯區,北屯國小,128
臺中市,66000,北屯區,四張犁國小,33
臺中市,66000,北屯區,四維國小,58
臺中市,66000,北屯區,大坑國小,30
臺中市,66000,北屯區,建功國小,49
臺中市,66000,北屯區,文心國小,69
臺中市,66000,北屯區,文昌國小,86
臺中市,66000,北屯區,新興國小,44
臺中市,66000,北屯區,東光國小,33
臺中市,66000,北屯區,松竹國小,95
臺中市,66000,北屯區,軍功國小,62
臺中市,66000,北屯區,逢甲國小,31
臺中市,66000,北屯區,陳平國小,67
臺中市,66000,南區,信義國小,80
臺中市,66000,南區,和平國小,69
臺中市,66000,南區,國光國小,37
臺中市,66000,南區,樹義國小,72
臺中市,66000,南屯區,南屯國小,60
臺中市,66000,南屯區,大墩國小,43
臺中市,66000,南屯區,大新國小,99
臺中市,66000,南屯區,惠文國小,97
臺中市,66000,南屯區,文山國小,125
臺中市,66000,南屯區,春安國小,30
臺中市,66000,南屯區,東興國小,36
臺中市,66000,南屯區,永春國小,87
臺中市,66000,南屯區,鎮平國小,66
臺中市,66000,南屯區,黎明國小,46
臺中市,66000,后里區,七星國小,44
臺中市,66000,后里區,內埔國小,177
臺中市,66000,后里區,后里國小,36
臺中市,66000,后里區,月眉國小,30
臺中市,66000,后里區,泰安國小,30
臺中市,66000,后里區,育英國小,32
臺中市,66000,和平區,中坑國小,17
臺中市,66000,和平區,博愛國小,10
臺中市,66000,和平區,博愛國小谷關分校,22
臺中市,66000,和平區,和平國小,29
臺中市,66000,和平區,平等國小,19
臺中市,66000,和平區,白冷國小,11
臺中市,66000,和平區,自由國小,1
臺中市,66000,和平區,自由國小烏石分校,7
臺中市,66000,和平區,達觀國小,18
臺中市,66000,外埔區,外埔國小,74
臺中市,66000,外埔區,安定國小,43
臺中市,66000,外埔區,水美國小,23
臺中市,66000,外埔區,鐵山國小,21
臺中市,66000,外埔區,馬鳴國小,42
臺中市,66000,大安區,三光國小,9
臺中市,66000,大安區,大安國小,27
臺中市,66000,大安區,永安國小,30
臺中市,66000,大安區,海墘國小,34
臺中市,66000,大甲區,大甲國小,65
臺中市,66000,大甲區,德化國小,54
臺中市,66000,大甲區,文昌國小,62
臺中市,66000,大甲區,文武國小,36
臺中市,66000,大甲區,日南國小,64
臺中市,66000,大甲區,東明國小,12
臺中市,66000,大甲區,東陽國小,39
臺中市,66000,大甲區,華龍國小,29
臺中市,66000,大甲區,西岐國小,30
臺中市,66000,大甲區,順天國小,64
臺中市,66000,大肚區,大忠國小,26
臺中市,66000,大肚區,大肚國小,67
臺中市,66000,大肚區,山陽國小,25
臺中市,66000,大肚區,永順國小,36
臺中市,66000,大肚區,瑞井國小,33
臺中市,66000,大肚區,瑞峰國小,35
臺中市,66000,大肚區,追分國小,51
臺中市,66000,大里區,健民國小,26
臺中市,66000,大里區,內新國小,52
臺中市,66000,大里區,塗城國小,63
臺中市,66000,大里區,大元國小,69
臺中市,66000,大里區,大里國小,37
臺中市,66000,大里區,崇光國小,91
臺中市,66000,大里區,永隆國小,68
臺中市,66000,大里區,瑞城國小,96
臺中市,66000,大里區,益民國小,60
臺中市,66000,大里區,立新國小,95
臺中市,66000,大里區,美群國小,78
臺中市,66000,大里區,草湖國小,32
臺中市,66000,大雅區,三和國小,66
臺中市,66000,大雅區,上楓國小,64
臺中市,66000,大雅區,六寶國小,28
臺中市,66000,大雅區,大明國小,70
臺中市,66000,大雅區,大雅國小,72
臺中市,66000,大雅區,文雅國小,110
臺中市,66000,大雅區,汝鎏國小,9
臺中市,66000,大雅區,陽明國小,93
臺中市,66000,太平區,中華國小,98
臺中市,66000,太平區,光隆國小,49
臺中市,66000,太平區,坪林國小,30
臺中市,66000,太平區,坪林國小坪部分校,25
臺中市,66000,太平區,太平國小,64
臺中市,66000,太平區,宜欣國小,30
臺中市,66000,太平區,建平國小,12
臺中市,66000,太平區,新光國小,39
臺中市,66000,太平區,新平國小,8
臺中市,66000,太平區,東平國小,123
臺中市,66000,太平區,東汴國小,9
臺中市,66000,太平區,車籠埔國小,56
臺中市,66000,太平區,長億國小,42
臺中市,66000,太平區,頭汴國小,30
臺中市,66000,太平區,黃竹國小,19
臺中市,66000,新社區,中和國小,18
臺中市,66000,新社區,協成國小,29
臺中市,66000,新社區,大南國小,47
臺中市,66000,新社區,大林國小,56
臺中市,66000,新社區,崑山國小,9
臺中市,66000,新社區,新社國小,62
臺中市,66000,新社區,東興國小,37
臺中市,66000,新社區,福民國小,20
臺中市,66000,東勢區,中山國小,78
臺中市,66000,東勢區,中科國小,29
臺中市,66000,東勢區,成功國小,17
臺中市,66000,東勢區,新成國小,12
臺中市,66000,東勢區,新盛國小,48
臺中市,66000,東勢區,明正國小,10
臺中市,66000,東勢區,東勢國小,67
臺中市,66000,東勢區,東新國小,30
臺中市,66000,東勢區,石城國小,30
臺中市,66000,東勢區,石角國小,16
臺中市,66000,東區,力行國小,129
臺中市,66000,東區,台中國小,64
臺中市,66000,東區,大智國小,159
臺中市,66000,東區,成功國小,120
臺中市,66000,東區,樂業國小,45
臺中市,66000,東區,進德國小,59
臺中市,66000,梧棲區,中正國小,38
臺中市,66000,梧棲區,中港國小,26
臺中市,66000,梧棲區,大德國小,62
臺中市,66000,梧棲區,梧南國小,16
臺中市,66000,梧棲區,梧棲國小,68
臺中市,66000,梧棲區,永寧國小,33
臺中市,66000,沙鹿區,公明國小,39
臺中市,66000,沙鹿區,公館國小,26
臺中市,66000,沙鹿區,北勢國小,64
臺中市,66000,沙鹿區,文光國小,42
臺中市,66000,沙鹿區,沙鹿國小,82
臺中市,66000,沙鹿區,竹林國小,69
臺中市,66000,沙鹿區,鹿峰國小,47
臺中市,66000,清水區,三田國小,95
臺中市,66000,清水區,吳厝國小,16
臺中市,66000,清水區,大楊國小,2
臺中市,66000,清水區,大秀國小,28
臺中市,66000,清水區,建國國小,33
臺中市,66000,清水區,東山國小,34
臺中市,66000,清水區,?榔國小,14
臺中市,66000,清水區,清水國小,35
臺中市,66000,清水區,甲南國小,40
臺中市,66000,清水區,西寧國小,100
臺中市,66000,清水區,高美國小,40
臺中市,66000,潭子區,僑忠國小,21
臺中市,66000,潭子區,新興國小,31
臺中市,66000,潭子區,東寶國小,73
臺中市,66000,潭子區,潭子國小,77
臺中市,66000,潭子區,潭陽國小,72
臺中市,66000,潭子區,頭家國小,135
臺中市,66000,烏日區,九德國小,83
臺中市,66000,烏日區,五光國小,28
臺中市,66000,烏日區,僑仁國小,35
臺中市,66000,烏日區,喀哩國小,52
臺中市,66000,烏日區,旭光國小,31
臺中市,66000,烏日區,東園國小,30
臺中市,66000,烏日區,溪尾國小,10
臺中市,66000,烏日區,烏日國小,31
臺中市,66000,石岡區,土牛國小,32
臺中市,66000,石岡區,石岡國小,44
臺中市,66000,神岡區,圳堵國小,27
臺中市,66000,神岡區,岸裡國小,84
臺中市,66000,神岡區,社口國小,131
臺中市,66000,神岡區,神岡國小,128
臺中市,66000,神岡區,豐洲國小,26
臺中市,66000,西區,中正國小,33
臺中市,66000,西區,大勇國小,90
臺中市,66000,西區,大同國小,64
臺中市,66000,西區,忠信國小,45
臺中市,66000,西區,忠孝國小,139
臺中市,66000,西區,忠明國小,37
臺中市,66000,西屯區,上安國小,62
臺中市,66000,西屯區,上石國小,89
臺中市,66000,西屯區,何厝國小,2
臺中市,66000,西屯區,協和國小,97
臺中市,66000,西屯區,國安國小,122
臺中市,66000,西屯區,大仁國小,78
臺中市,66000,西屯區,大鵬國小,16
臺中市,66000,西屯區,惠來國小,73
臺中市,66000,西屯區,東海國小,34
臺中市,66000,西屯區,永安國小,62
臺中市,66000,西屯區,泰安國小,25
臺中市,66000,西屯區,西屯國小,154
臺中市,66000,西屯區,重慶國小,67
臺中市,66000,西屯區,長安國小,41
臺中市,66000,豐原區,南陽國小,101
臺中市,66000,豐原區,合作國小,39
臺中市,66000,豐原區,富春國小,85
臺中市,66000,豐原區,瑞穗國小,114
臺中市,66000,豐原區,福陽國小,30
臺中市,66000,豐原區,翁子國小,28
臺中市,66000,豐原區,葫蘆墩國小,79
臺中市,66000,豐原區,豐原國小,50
臺中市,66000,豐原區,豐村國小,63
臺中市,66000,豐原區,豐田國小,63
臺中市,66000,霧峰區,五福國小,39
臺中市,66000,霧峰區,僑榮國小,32
臺中市,66000,霧峰區,光復國(中)小,16
臺中市,66000,霧峰區,光正國小,61
臺中市,66000,霧峰區,吉峰國小,26
臺中市,66000,霧峰區,四德國小,30
臺中市,66000,霧峰區,峰谷國小,22
臺中市,66000,霧峰區,復興國小,45
臺中市,66000,霧峰區,桐林國小,24
臺中市,66000,霧峰區,萬豐國小,48
臺中市,66000,霧峰區,霧峰國小,58
臺中市,66000,龍井區,龍井國小,33
臺中市,66000,龍井區,龍山國小,31
臺中市,66000,龍井區,龍峰國小,110
臺中市,66000,龍井區,龍泉國小,157
臺中市,66000,龍井區,龍津國小,71
臺中市,66000,龍井區,龍海國小,43
臺中市,66000,龍井區,龍港國小,43
臺北市,63000,中山區,五常國中,52
臺北市,63000,中山區,北安國中,31
臺北市,63000,中山區,大同高中,336
臺北市,63000,中山區,大直高中,51
臺北市,63000,中山區,新興國中,34
臺北市,63000,中山區,濱江國中,63
臺北市,63000,中山區,長安國中,45
臺北市,63000,中正區,中正國中,376
臺北市,63000,中正區,南門國中,233
臺北市,63000,中正區,古亭國中,122
臺北市,63000,中正區,弘道國中,74
臺北市,63000,中正區,螢橋國中,42
臺北市,63000,信義區,信義國中,238
臺北市,63000,信義區,永吉國中,95
臺北市,63000,信義區,?公國中,63
臺北市,63000,信義區,興雅國中,84
臺北市,63000,內湖區,三民國中,60
臺北市,63000,內湖區,內湖國中,76
臺北市,63000,內湖區,明湖國中,155
臺北市,63000,內湖區,東湖國中,72
臺北市,63000,內湖區,臺灣戲曲學院(國中),2
臺北市,63000,內湖區,西湖國中,54
臺北市,63000,內湖區,麗山國中,170
臺北市,63000,北投區,北投國中,77
臺北市,63000,北投區,新民國中,34
臺北市,63000,北投區,明德國中,80
臺北市,63000,北投區,桃源國中,41
臺北市,63000,北投區,石牌國中,178
臺北市,63000,北投區,關渡國中,40
臺北市,63000,南港區,南港高中,97
臺北市,63000,南港區,成德國中,79
臺北市,63000,南港區,誠正國中,236
臺北市,63000,士林區,士林國中,69
臺北市,63000,士林區,天母國中,307
臺北市,63000,士林區,格致國中,51
臺北市,63000,士林區,百齡高中,185
臺北市,63000,士林區,福安國中,40
臺北市,63000,士林區,至善國中,43
臺北市,63000,士林區,蘭雅國中,201
臺北市,63000,士林區,陽明高中,131
臺北市,63000,大同區,建成國中,163
臺北市,63000,大同區,忠孝國中,92
臺北市,63000,大同區,成淵高中,67
臺北市,63000,大同區,民權國中,60
臺北市,63000,大同區,蘭州國中,14
臺北市,63000,大同區,重慶國中,91
臺北市,63000,大安區,仁愛國中,182
臺北市,63000,大安區,和平高中,40
臺北市,63000,大安區,大安國中,135
臺北市,63000,大安區,師大附中,40
臺北市,63000,大安區,懷生國中,75
臺北市,63000,大安區,民族國中,37
臺北市,63000,大安區,芳和國中,28
臺北市,63000,大安區,金華國中,333
臺北市,63000,大安區,龍門國中,30
臺北市,63000,文山區,北政國中,50
臺北市,63000,文山區,實踐國中,200
臺北市,63000,文山區,政大附中,46
臺北市,63000,文山區,景美國中,142
臺北市,63000,文山區,景興國中,177
臺北市,63000,文山區,木柵國中,60
臺北市,63000,文山區,興福國中,44
臺北市,63000,文山區,萬芳高中,274
臺北市,63000,松山區,中山國中,84
臺北市,63000,松山區,中崙高中,99
臺北市,63000,松山區,介壽國中,161
臺北市,63000,松山區,敦化國中,245
臺北市,63000,松山區,民生國中,124
臺北市,63000,松山區,西松高中,206
臺北市,63000,萬華區,大理高中,319
臺北市,63000,萬華區,萬華國中,274
臺北市,63000,萬華區,雙園國中,39
臺北市,63000,萬華區,龍山國中,76
臺北市,63000,中山區,中山國小,303
臺北市,63000,中山區,中正國小,43
臺北市,63000,中山區,五常國小,76
臺北市,63000,中山區,吉林國小,129
臺北市,63000,中山區,大佳國小,73
臺北市,63000,中山區,大直國小,47
臺北市,63000,中山區,懷生國小,25
臺北市,63000,中山區,永安國小,108
臺北市,63000,中山區,濱江國小,34
臺北市,63000,中山區,長安國小,41
臺北市,63000,中山區,長春國小,65
臺北市,63000,中正區,南門國小,32
臺北市,63000,中正區,國語實小,172
臺北市,63000,中正區,忠孝國小,38
臺北市,63000,中正區,忠義國小,24
臺北市,63000,中正區,東門國小,181
臺北市,63000,中正區,河堤國小,72
臺北市,63000,中正區,臺北市立大學附小,449
臺北市,63000,中正區,螢橋國小,70
臺北市,63000,信義區,三興國小,120
臺北市,63000,信義區,信義國小,116
臺北市,63000,信義區,光復國小,170
臺北市,63000,信義區,博愛國小,160
臺北市,63000,信義區,吳興國小,131
臺北市,63000,信義區,永吉國小,75
臺北市,63000,信義區,永春國小,71
臺北市,63000,信義區,福德國小,157
臺北市,63000,信義區,興雅國小,106
臺北市,63000,內湖區,內湖國小,139
臺北市,63000,內湖區,南湖國小,124
臺北市,63000,內湖區,大湖國小,42
臺北市,63000,內湖區,康寧國小,70
臺北市,63000,內湖區,文湖國小,32
臺北市,63000,內湖區,新湖國小,101
臺北市,63000,內湖區,明湖國小,135
臺北市,63000,內湖區,東湖國小,91
臺北市,63000,內湖區,潭美國小,54
臺北市,63000,內湖區,碧湖國小,134
臺北市,63000,內湖區,臺灣戲曲學院(國小),2
臺北市,63000,內湖區,西湖國小,41
臺北市,63000,內湖區,麗山國小,60
臺北市,63000,內湖區,麗湖國小,66
臺北市,63000,北投區,北投國小,140
臺北市,63000,北投區,大屯國小,8
臺北市,63000,北投區,文化國小,72
臺北市,63000,北投區,文林國小,31
臺北市,63000,北投區,明德國小,69
臺北市,63000,北投區,桃源國小,43
臺北市,63000,北投區,泉源國小,32
臺北市,63000,北投區,清江國小,35
臺北市,63000,北投區,湖山國小,9
臺北市,63000,北投區,湖田國小,35
臺北市,63000,北投區,石牌國小,130
臺北市,63000,北投區,立農國小,64
臺北市,63000,北投區,義方國小,33
臺北市,63000,北投區,逸仙國小,47
臺北市,63000,北投區,關渡國小,70
臺北市,63000,南港區,修德國小,16
臺北市,63000,南港區,南港國小,66
臺北市,63000,南港區,成德國小,48
臺北市,63000,南港區,東新國小,66
臺北市,63000,南港區,玉成國小,36
臺北市,63000,南港區,胡適國小,47
臺北市,63000,南港區,舊莊國小,35
臺北市,63000,士林區,三玉國小,39
臺北市,63000,士林區,劍潭國小,38
臺北市,63000,士林區,士東國小,114
臺北市,63000,士林區,士林國小,234
臺北市,63000,士林區,天母國小,110
臺北市,63000,士林區,富安國小,12
臺北市,63000,士林區,平等國小,22
臺北市,63000,士林區,文昌國小,41
臺北市,63000,士林區,溪山國小,11
臺北市,63000,士林區,百齡國小,166
臺北市,63000,士林區,社子國小,67
臺北市,63000,士林區,福林國小,70
臺北市,63000,士林區,芝山國小,57
臺北市,63000,士林區,葫蘆國小,98
臺北市,63000,士林區,蘭雅國小,28
臺北市,63000,士林區,陽明山國小,24
臺北市,63000,士林區,雙溪國小,21
臺北市,63000,士林區,雨聲國小,28
臺北市,63000,士林區,雨農國小,30
臺北市,63000,大同區,大同國小,44
臺北市,63000,大同區,大橋國小,42
臺北市,63000,大同區,大龍國小,74
臺北市,63000,大同區,太平國小,102
臺北市,63000,大同區,延平國小,68
臺北市,63000,大同區,日新國小,61
臺北市,63000,大同區,永樂國小,96
臺北市,63000,大同區,蓬萊國小,69
臺北市,63000,大同區,雙蓮國小,36
臺北市,63000,大安區,仁愛國小,133
臺北市,63000,大安區,公館國小,18
臺北市,63000,大安區,古亭國小,63
臺北市,63000,大安區,台北教育大學附小,62
臺北市,63000,大安區,大安國小,96
臺北市,63000,大安區,幸安國小,107
臺北市,63000,大安區,建安國小,153
臺北市,63000,大安區,新生國小,94
臺北市,63000,大安區,金華國小,112
臺北市,63000,大安區,銘傳國小,44
臺北市,63000,大安區,龍安國小,243
臺北市,63000,文山區,力行國小,127
臺北市,63000,文山區,博嘉國小,68
臺北市,63000,文山區,實踐國小,55
臺北市,63000,文山區,志清國小,34
臺北市,63000,文山區,指南國小,15
臺北市,63000,文山區,政大實小,18
臺北市,63000,文山區,明道國小,41
臺北市,63000,文山區,景美國小,31
臺北市,63000,文山區,景興國小,66
臺北市,63000,文山區,木柵國小,102
臺北市,63000,文山區,武功國小,32
臺北市,63000,文山區,永建國小,38
臺北市,63000,文山區,溪口國小,90
臺北市,63000,文山區,興德國小,29
臺北市,63000,文山區,興華國小,35
臺北市,63000,文山區,興隆國小,141
臺北市,63000,文山區,萬福國小,75
臺北市,63000,文山區,萬興國小,36
臺北市,63000,文山區,萬芳國小,67
臺北市,63000,文山區,辛亥國小,58
臺北市,63000,松山區,三民國小,32
臺北市,63000,松山區,健康國小,121
臺北市,63000,松山區,敦化國小,136
臺北市,63000,松山區,松山國小,40
臺北市,63000,松山區,民族國小,30
臺北市,63000,松山區,民權國小,60
臺北市,63000,松山區,民生國小,77
臺北市,63000,松山區,西松國小,77
臺北市,63000,萬華區,大理國小,69
臺北市,63000,萬華區,新和國小,76
臺北市,63000,萬華區,東園國小,133
臺北市,63000,萬華區,福星國小,68
臺北市,63000,萬華區,老松國小,75
臺北市,63000,萬華區,華江國小,44
臺北市,63000,萬華區,萬大國小,57
臺北市,63000,萬華區,西園國小,31
臺北市,63000,萬華區,西門國小,122
臺北市,63000,萬華區,雙園國小,70
臺北市,63000,萬華區,龍山國小,29
臺南市,67000,七股區,後港國中,24
臺南市,67000,七股區,竹橋國中,12
臺南市,67000,下營區,下營國中,34
臺南市,67000,中西區,中山國中,118
臺南市,67000,中西區,建興國中,46
臺南市,67000,仁德區,仁德國中,80
臺南市,67000,仁德區,文賢國中,30
臺南市,67000,佳里區,佳興國中,14
臺南市,67000,佳里區,佳里國中,115
臺南市,67000,六甲區,六甲國中,30
臺南市,67000,北區,延平國中,37
臺南市,67000,北區,成功國中,11
臺南市,67000,北區,文賢國中,8
臺南市,67000,北區,民德國中,93
臺南市,67000,北門區,北門國中,32
臺南市,67000,南化區,南化國中,28
臺南市,67000,南區,南寧中學,109
臺南市,67000,南區,大成國中,105
臺南市,67000,南區,新興國中,126
臺南市,67000,善化區,善化國中,64
臺南市,67000,大內區,大內國中,52
臺南市,67000,學甲區,學甲國中,37
臺南市,67000,安南區,和順國中,66
臺南市,67000,安南區,土城高中,46
臺南市,67000,安南區,安南國中,185
臺南市,67000,安南區,安順國中,93
臺南市,67000,安南區,海佃國中,55
臺南市,67000,安定區,安定國中,37
臺南市,67000,安平區,安平國中,68
臺南市,67000,安平區,金城國中,101
臺南市,67000,官田區,官田國中,49
臺南市,67000,將軍區,將軍國中,37
臺南市,67000,山上區,山上國中,27
臺南市,67000,左鎮區,左鎮國中,6
臺南市,67000,後壁區,後壁國中,11
臺南市,67000,後壁區,菁寮國中,7
臺南市,67000,新化區,新化國中,13
臺南市,67000,新市區,南科高級實驗中學附設國中部,2
臺南市,67000,新市區,新市國中,21
臺南市,67000,新營區,南新國中,46
臺南市,67000,新營區,太子國中,33
臺南市,67000,新營區,新東國中,63
臺南市,67000,東區,崇明國中,41
臺南市,67000,東區,後甲國中,124
臺南市,67000,東區,復興國中,148
臺南市,67000,東區,忠孝國中,125
臺南市,67000,東山區,東原國中,33
臺南市,67000,東山區,東山國中,28
臺南市,67000,柳營區,柳營國中,11
臺南市,67000,楠西區,楠西國中,36
臺南市,67000,歸仁區,歸仁國中,227
臺南市,67000,歸仁區,沙崙國中,4
臺南市,67000,永康區,大橋國中,103
臺南市,67000,永康區,大灣高中附設國中,114
臺南市,67000,永康區,永仁高中附設國中,6
臺南市,67000,永康區,永康國中,56
臺南市,67000,玉井區,玉井國中,32
臺南市,67000,白河區,白河國中,61
臺南市,67000,西港區,西港國中,74
臺南市,67000,關廟區,關廟國中,40
臺南市,67000,鹽水區,鹽水國中,36
臺南市,67000,麻豆區,麻豆國中,105
臺南市,67000,龍崎區,龍崎國中,5
臺南市,67000,七股區,七股國小,30
臺南市,67000,七股區,三股國小,39
臺南市,67000,七股區,光復國小,22
臺南市,67000,七股區,大文國小,30
臺南市,67000,七股區,建功國小,22
臺南市,67000,七股區,後港國小,26
臺南市,67000,七股區,樹林國小,13
臺南市,67000,七股區,竹橋國小,29
臺南市,67000,七股區,篤加國小,28
臺南市,67000,七股區,龍山國小,16
臺南市,67000,下營區,下營國小,38
臺南市,67000,下營區,中營國小,38
臺南市,67000,下營區,東興國小,29
臺南市,67000,下營區,甲中國小,10
臺南市,67000,下營區,賀建國小,13
臺南市,67000,中西區,協進國小,57
臺南市,67000,中西區,台南大學附小,46
臺南市,67000,中西區,忠義國小,44
臺南市,67000,中西區,成功國小,74
臺南市,67000,中西區,永福國小,36
臺南市,67000,中西區,進學國小,42
臺南市,67000,仁德區,仁和國小,15
臺南市,67000,仁德區,仁德國小,146
臺南市,67000,仁德區,依仁國小,8
臺南市,67000,仁德區,大甲國小,30
臺南市,67000,仁德區,德南國小,75
臺南市,67000,仁德區,文賢國小,30
臺南市,67000,仁德區,虎山國小,32
臺南市,67000,仁德區,長興國小,48
臺南市,67000,佳里區,仁愛國小,32
臺南市,67000,佳里區,佳興國小,42
臺南市,67000,佳里區,佳里國小,114
臺南市,67000,佳里區,信義國小,55
臺南市,67000,佳里區,塭內國小,17
臺南市,67000,佳里區,子龍國小,28
臺南市,67000,佳里區,延平國小,23
臺南市,67000,佳里區,通興國小,8
臺南市,67000,六甲區,六甲國小,136
臺南市,67000,六甲區,六甲國小湖東分校,29
臺南市,67000,六甲區,嘉南國小,10
臺南市,67000,六甲區,林鳳國小,28
臺南市,67000,北區,公園國小,48
臺南市,67000,北區,大光國小,8
臺南市,67000,北區,大港國小,118
臺南市,67000,北區,文元國小,121
臺南市,67000,北區,立人國小,102
臺南市,67000,北區,賢北國小,43
臺南市,67000,北區,開元國小,94
臺南市,67000,北門區,三慈國小,21
臺南市,67000,北門區,北門國小,20
臺南市,67000,北門區,北門國小玉湖分校,6
臺南市,67000,北門區,文山國小,9
臺南市,67000,北門區,蚵寮國小,27
臺南市,67000,北門區,錦湖國小,13
臺南市,67000,北門區,雙春國小,11
臺南市,67000,南化區,北寮國小,28
臺南市,67000,南化區,南化國小,19
臺南市,67000,南化區,玉山國小,9
臺南市,67000,南化區,瑞峰國小,4
臺南市,67000,南化區,西埔國小,15
臺南市,67000,南區,喜樹國小,26
臺南市,67000,南區,志開國小,44
臺南市,67000,南區,新興國小,108
臺南市,67000,南區,日新國小,40
臺南市,67000,南區,永華國小,152
臺南市,67000,南區,省躬國小,64
臺南市,67000,南區,龍崗國小,20
臺南市,67000,善化區,善化國小,28
臺南市,67000,善化區,善糖國小,14
臺南市,67000,善化區,大同國小,28
臺南市,67000,善化區,大成國小,113
臺南市,67000,善化區,小新國小,28
臺南市,67000,善化區,茄拔國小,32
臺南市,67000,善化區,陽明國小,28
臺南市,67000,大內區,二溪國小,9
臺南市,67000,大內區,大內國小,29
臺南市,67000,大內區,大內國小頭社分校,13
臺南市,67000,學甲區,中洲國小,17
臺南市,67000,學甲區,學甲國小,31
臺南市,67000,學甲區,宅港國小,9
臺南市,67000,學甲區,東陽國小,37
臺南市,67000,學甲區,頂洲國小,14
臺南市,67000,安南區,南興國小,24
臺南市,67000,安南區,和順國小,143
臺南市,67000,安南區,土城國小,48
臺南市,67000,安南區,土城國小城西分班,2
臺南市,67000,安南區,學東國小,25
臺南市,67000,安南區,安佃國小,56
臺南市,67000,安南區,安慶國小,81
臺南市,67000,安南區,安順國小,63
臺南市,67000,安南區,海佃國小,65
臺南市,67000,安南區,海東國小,106
臺南市,67000,安南區,鎮海國小,10
臺南市,67000,安南區,長安國小,31
臺南市,67000,安南區,青草國小,26
臺南市,67000,安南區,顯宮國小,27
臺南市,67000,安定區,南安國小,31
臺南市,67000,安定區,南興國小,43
臺南市,67000,安定區,安定國小,29
臺南市,67000,安平區,億載國小,123
臺南市,67000,安平區,億載國小漁光分校,21
臺南市,67000,安平區,安平國小,34
臺南市,67000,安平區,新南國小,52
臺南市,67000,安平區,石門國小,81
臺南市,67000,安平區,西門國小,79
臺南市,67000,官田區,官田國小,35
臺南市,67000,官田區,渡拔國小,37
臺南市,67000,官田區,隆田國小,32
臺南市,67000,將軍區,將軍國小,21
臺南市,67000,將軍區,漚汪國小,15
臺南市,67000,將軍區,苓和國小,28
臺南市,67000,將軍區,長平國小,22
臺南市,67000,將軍區,鯤鯓國小,14
臺南市,67000,山上區,山上國小,18
臺南市,67000,左鎮區,光榮國小,12
臺南市,67000,左鎮區,左鎮國小,16
臺南市,67000,後壁區,安溪國小,8
臺南市,67000,後壁區,後壁國小,33
臺南市,67000,後壁區,新嘉國小,16
臺南市,67000,後壁區,新東國小,48
臺南市,67000,後壁區,樹人國小,9
臺南市,67000,後壁區,永安國小,31
臺南市,67000,後壁區,菁寮國小,29
臺南市,67000,新化區,口碑國小,21
臺南市,67000,新化區,大新國小,31
臺南市,67000,新化區,新化國小,30
臺南市,67000,新化區,正新國小,53
臺南市,67000,新化區,那拔國小,63
臺南市,67000,新市區,南科高級實驗中學附設國小部,59
臺南市,67000,新市區,大社國小,79
臺南市,67000,新市區,新市國小,66
臺南市,67000,新營區,公誠國小,24
臺南市,67000,新營區,南梓國小,12
臺南市,67000,新營區,土庫國小,25
臺南市,67000,新營區,新橋國小,29
臺南市,67000,新營區,新民國小,141
臺南市,67000,新營區,新泰國小,31
臺南市,67000,新營區,新營國小,125
臺南市,67000,新營區,新生國小,26
臺南市,67000,新營區,新興國小,49
臺南市,67000,新營區,新進國小,65
臺南市,67000,東區,勝利國小,115
臺南市,67000,東區,博愛國小,19
臺南市,67000,東區,大同國小,4
臺南市,67000,東區,崇學國小,137
臺南市,67000,東區,崇明國小,110
臺南市,67000,東區,復興國小,112
臺南市,67000,東區,德高國小,70
臺南市,67000,東區,東光國小,64
臺南市,67000,東區,裕文國小,78
臺南市,67000,東山區,吉貝耍國小,23
臺南市,67000,東山區,東原國小,27
臺南市,67000,東山區,東山國小,36
臺南市,67000,東山區,聖賢國小,21
臺南市,67000,東山區,青山國小,43
臺南市,67000,柳營區,太康國小,24
臺南市,67000,柳營區,新山國小,21
臺南市,67000,柳營區,果毅國小,13
臺南市,67000,柳營區,柳營國小,25
臺南市,67000,柳營區,重溪國小,24
臺南市,67000,楠西區,楠西國小,28
臺南市,67000,歸仁區,保西國小,17
臺南市,67000,歸仁區,大潭國小,41
臺南市,67000,歸仁區,文化國小,218
臺南市,67000,歸仁區,歸仁國小,71
臺南市,67000,歸仁區,歸南國小,66
臺南市,67000,歸仁區,紅瓦厝國小,36
臺南市,67000,永康區,三村國小,39
臺南市,67000,永康區,五王國小,60
臺南市,67000,永康區,勝利國小,58
臺南市,67000,永康區,大橋國小,114
臺南市,67000,永康區,大灣國小,71
臺南市,67000,永康區,崑山國小,105
臺南市,67000,永康區,復興國小,58
臺南市,67000,永康區,永信國小,165
臺南市,67000,永康區,永康國小,95
臺南市,67000,永康區,西勢國小,28
臺南市,67000,永康區,龍潭國小,30
臺南市,67000,玉井區,層林國小,15
臺南市,67000,玉井區,玉井國小,29
臺南市,67000,白河區,仙草國小,14
臺南市,67000,白河區,仙草國小關領分校,19
臺南市,67000,白河區,內角國小,23
臺南市,67000,白河區,大竹國小,22
臺南市,67000,白河區,河東國小,24
臺南市,67000,白河區,河東國小六溪分校,7
臺南市,67000,白河區,玉豐國小,32
臺南市,67000,白河區,白河國小,40
臺南市,67000,白河區,竹門國小,16
臺南市,67000,西港區,後營國小,33
臺南市,67000,西港區,後營國小金砂分校,10
臺南市,67000,西港區,成功國小,67
臺南市,67000,西港區,松林國小,16
臺南市,67000,西港區,港東國小,31
臺南市,67000,西港區,西港國小,47
臺南市,67000,關廟區,五甲國小,47
臺南市,67000,關廟區,保東國小,30
臺南市,67000,關廟區,崇和國小,23
臺南市,67000,關廟區,文和國小,1
臺南市,67000,關廟區,新光國小,9
臺南市,67000,關廟區,深坑國小,26
臺南市,67000,關廟區,關廟國小,29
臺南市,67000,鹽水區,仁光國小,23
臺南市,67000,鹽水區,?頭港國小,22
臺南市,67000,鹽水區,岸內國小,19
臺南市,67000,鹽水區,文昌國小,22
臺南市,67000,鹽水區,月津國小,43
臺南市,67000,鹽水區,歡雅國小,30
臺南市,67000,鹽水區,竹埔國小,19
臺南市,67000,鹽水區,鹽水國小,32
臺南市,67000,麻豆區,北勢國小,18
臺南市,67000,麻豆區,培文國小,34
臺南市,67000,麻豆區,大山國小,30
臺南市,67000,麻豆區,安業國小,28
臺南市,67000,麻豆區,文正國小,16
臺南市,67000,麻豆區,港尾國小,21
臺南市,67000,麻豆區,紀安國小,12
臺南市,67000,麻豆區,麻豆國小,65
臺南市,67000,龍崎區,龍崎國小,20
臺南市,67000,龍崎區,龍崎國小龍船分校,21
臺東縣,10014,卑南鄉,初鹿國中,62
臺東縣,10014,大武鄉,大武國中,25
臺東縣,10014,太麻里鄉,大王國中,28
臺東縣,10014,太麻里鄉,賓茂國中,31
臺東縣,10014,延平鄉,桃源國中,22
臺東縣,10014,成功鎮,新港國中,48
臺東縣,10014,東河鄉,泰源國中,37
臺東縣,10014,東河鄉,都蘭國中,24
臺東縣,10014,池上鄉,池上國中,30
臺東縣,10014,海端鄉,海端國中,35
臺東縣,10014,綠島鄉,綠島國中,21
臺東縣,10014,臺東市,卑南國中,48
臺東縣,10014,臺東市,國立臺東大學附屬體育高級中學,14
臺東縣,10014,臺東市,寶桑國中,58
臺東縣,10014,臺東市,新生國中,184
臺東縣,10014,臺東市,東海國中,68
臺東縣,10014,臺東市,知本國中,30
臺東縣,10014,臺東市,豐田國中,52
臺東縣,10014,蘭嶼鄉,蘭嶼高中,31
臺東縣,10014,長濱鄉,長濱國中,27
臺東縣,10014,關山鎮,關山國中,31
臺東縣,10014,鹿野鄉,瑞源國中,16
臺東縣,10014,鹿野鄉,鹿野國中,24
臺東縣,10014,卑南鄉,初鹿國小,30
臺東縣,10014,卑南鄉,利嘉國小,21
臺東縣,10014,卑南鄉,大南國小,18
臺東縣,10014,卑南鄉,太平國小,29
臺東縣,10014,卑南鄉,富山國小,6
臺東縣,10014,卑南鄉,富山國小利吉分校,6
臺東縣,10014,卑南鄉,東成國小,19
臺東縣,10014,卑南鄉,溫泉國小,17
臺東縣,10014,卑南鄉,賓朗國小,41
臺東縣,10014,大武鄉,大武國小,24
臺東縣,10014,大武鄉,大鳥國小,35
臺東縣,10014,大武鄉,大鳥國小愛國埔分校,12
臺東縣,10014,大武鄉,尚武國小,20
臺東縣,10014,太麻里鄉,三和國小,12
臺東縣,10014,太麻里鄉,大溪國小,21
臺東縣,10014,太麻里鄉,大王國小,19
臺東縣,10014,太麻里鄉,美和國小,21
臺東縣,10014,太麻里鄉,香蘭國小,21
臺東縣,10014,延平鄉,桃源國小,20
臺東縣,10014,延平鄉,武陵國小,20
臺東縣,10014,延平鄉,紅葉國小,21
臺東縣,10014,延平鄉,鸞山國小,8
臺東縣,10014,成功鎮,三仙國小,16
臺東縣,10014,成功鎮,三民國小,39
臺東縣,10014,成功鎮,三民國小和平分校,20
臺東縣,10014,成功鎮,信義國小,14
臺東縣,10014,成功鎮,忠孝國小,23
臺東縣,10014,成功鎮,忠孝國小博愛分校,11
臺東縣,10014,成功鎮,成功國小,53
臺東縣,10014,東河鄉,北源國小,16
臺東縣,10014,東河鄉,東河國小,16
臺東縣,10014,東河鄉,泰源國小,19
臺東縣,10014,東河鄉,興隆國小,23
臺東縣,10014,東河鄉,都蘭國小,21
臺東縣,10014,池上鄉,大坡國小,17
臺東縣,10014,池上鄉,福原國小,30
臺東縣,10014,池上鄉,萬安國小,18
臺東縣,10014,池上鄉,萬安國小振興分校,14
臺東縣,10014,海端鄉,初來國小,17
臺東縣,10014,海端鄉,初來國小新武分校,6
臺東縣,10014,海端鄉,加拿國小,18
臺東縣,10014,海端鄉,崁頂國小,11
臺東縣,10014,海端鄉,廣原國小,11
臺東縣,10014,海端鄉,海端國小,13
臺東縣,10014,海端鄉,錦屏國小,8
臺東縣,10014,海端鄉,霧鹿國小,6
臺東縣,10014,海端鄉,霧鹿國小利稻分校,8
臺東縣,10014,綠島鄉,公館國小,20
臺東縣,10014,綠島鄉,綠島國小,12
臺東縣,10014,臺東市,仁愛國小,62
臺東縣,10014,臺東市,光明國小,31
臺東縣,10014,臺東市,卑南國小,26
臺東縣,10014,臺東市,南王國小,30
臺東縣,10014,臺東市,台東大學附小,112
臺東縣,10014,臺東市,富岡國小,31
臺東縣,10014,臺東市,寶桑國小,32
臺東縣,10014,臺東市,岩灣國小,17
臺東縣,10014,臺東市,康樂國小,45
臺東縣,10014,臺東市,建和國小,20
臺東縣,10014,臺東市,復興國小,23
臺東縣,10014,臺東市,新園國小,29
臺東縣,10014,臺東市,新生國小,78
臺東縣,10014,臺東市,東海國小,30
臺東縣,10014,臺東市,知本國小,48
臺東縣,10014,臺東市,豐年國小,30
臺東縣,10014,臺東市,豐榮國小,29
臺東縣,10014,臺東市,豐源國小,20
臺東縣,10014,臺東市,豐田國小,24
臺東縣,10014,臺東市,豐里國小,44
臺東縣,10014,臺東市,馬蘭國小,32
臺東縣,10014,蘭嶼鄉,朗島國小,10
臺東縣,10014,蘭嶼鄉,東清國小,12
臺東縣,10014,蘭嶼鄉,椰油國小,12
臺東縣,10014,蘭嶼鄉,蘭嶼國小,12
臺東縣,10014,達仁鄉,台板國小,8
臺東縣,10014,達仁鄉,土板國小,27
臺東縣,10014,達仁鄉,安朔國小,14
臺東縣,10014,達仁鄉,安朔國小新化分校,14
臺東縣,10014,金峰鄉,介達國小,16
臺東縣,10014,金峰鄉,嘉蘭國小,18
臺東縣,10014,金峰鄉,新興國小,13
臺東縣,10014,金峰鄉,賓茂國小,26
臺東縣,10014,長濱鄉,三間國小,25
臺東縣,10014,長濱鄉,寧埔國小,8
臺東縣,10014,長濱鄉,樟原國小,7
臺東縣,10014,長濱鄉,竹湖國小,12
臺東縣,10014,長濱鄉,長濱國小,20
臺東縣,10014,關山鎮,德高國小,22
臺東縣,10014,關山鎮,月眉國小,16
臺東縣,10014,關山鎮,關山國小,56
臺東縣,10014,關山鎮,電光國小,8
臺東縣,10014,鹿野鄉,永安國小,24
臺東縣,10014,鹿野鄉,瑞源國小,36
臺東縣,10014,鹿野鄉,瑞豐國小,8
臺東縣,10014,鹿野鄉,鹿野國小,22
臺東縣,10014,鹿野鄉,龍田國小,25
花蓮縣,10015,光復鄉,光復國中,50
花蓮縣,10015,光復鄉,富源國中,2
花蓮縣,10015,吉安鄉,化仁國中,23
花蓮縣,10015,吉安鄉,吉安國中,43
花蓮縣,10015,吉安鄉,宜昌國中,52
花蓮縣,10015,壽豐鄉,壽豐國中,30
花蓮縣,10015,壽豐鄉,平和國中,27
花蓮縣,10015,富里鄉,富北國中,33
花蓮縣,10015,富里鄉,富里國中,11
花蓮縣,10015,富里鄉,東里國中,35
花蓮縣,10015,新城鄉,新城國中,43
花蓮縣,10015,新城鄉,秀林國中,30
花蓮縣,10015,玉里鎮,三民國中,22
花蓮縣,10015,玉里鎮,玉東國中,28
花蓮縣,10015,玉里鎮,玉里國中,32
花蓮縣,10015,瑞穗鄉,瑞穗國中,4
花蓮縣,10015,花蓮市,國風國中,60
花蓮縣,10015,花蓮市,美崙國中,30
花蓮縣,10015,花蓮市,自強國中,33
花蓮縣,10015,花蓮市,花崗國中,68
花蓮縣,10015,豐濱鄉,豐濱國中,12
花蓮縣,10015,鳳林鎮,南平中學,4
花蓮縣,10015,鳳林鎮,萬榮國中,6
花蓮縣,10015,鳳林鎮,鳳林國中,16
花蓮縣,10015,光復鄉,光復國小,20
花蓮縣,10015,光復鄉,大興國小,8
花蓮縣,10015,光復鄉,大進國小,30
花蓮縣,10015,光復鄉,太巴塱國小,11
花蓮縣,10015,光復鄉,西富國小,9
花蓮縣,10015,卓溪鄉,卓楓國小,15
花蓮縣,10015,卓溪鄉,卓樂國小,15
花蓮縣,10015,卓溪鄉,卓清國小,7
花蓮縣,10015,卓溪鄉,卓溪國小,10
花蓮縣,10015,卓溪鄉,古風國小,9
花蓮縣,10015,卓溪鄉,太平國小,7
花蓮縣,10015,卓溪鄉,崙山國小,18
花蓮縣,10015,卓溪鄉,立山國小,11
花蓮縣,10015,吉安鄉,光華國小,35
花蓮縣,10015,吉安鄉,化仁國小,25
花蓮縣,10015,吉安鄉,北昌國小,42
花蓮縣,10015,吉安鄉,南華國小,18
花蓮縣,10015,吉安鄉,吉安國小,30
花蓮縣,10015,吉安鄉,太昌國小,58
花蓮縣,10015,吉安鄉,宜昌國小,28
花蓮縣,10015,吉安鄉,稻香國小,54
花蓮縣,10015,壽豐鄉,壽豐國小,25
花蓮縣,10015,壽豐鄉,平和國小,10
花蓮縣,10015,壽豐鄉,志學國小,37
花蓮縣,10015,壽豐鄉,月眉國小,12
花蓮縣,10015,壽豐鄉,水璉國小,9
花蓮縣,10015,壽豐鄉,溪口國小,12
花蓮縣,10015,壽豐鄉,豐山國小,10
花蓮縣,10015,壽豐鄉,豐裡國小,46
花蓮縣,10015,富里鄉,吳江國小,10
花蓮縣,10015,富里鄉,學田國小,17
花蓮縣,10015,富里鄉,富里國小,21
花蓮縣,10015,富里鄉,明里國小,9
花蓮縣,10015,富里鄉,東竹國小,23
花蓮縣,10015,富里鄉,東里國小,22
花蓮縣,10015,富里鄉,永豐國小,7
花蓮縣,10015,富里鄉,萬寧國小,11
花蓮縣,10015,新城鄉,北埔國小,32
花蓮縣,10015,新城鄉,嘉里國小,12
花蓮縣,10015,新城鄉,康樂國小,25
花蓮縣,10015,新城鄉,新城國小,32
花蓮縣,10015,玉里鎮,三民國小,13
花蓮縣,10015,玉里鎮,中城國小,30
花蓮縣,10015,玉里鎮,大禹國小,14
花蓮縣,10015,玉里鎮,德武國小,2
花蓮縣,10015,玉里鎮,春日國小,10
花蓮縣,10015,玉里鎮,松浦國小,12
花蓮縣,10015,玉里鎮,樂合國小,9
花蓮縣,10015,玉里鎮,源城國小,10
花蓮縣,10015,玉里鎮,玉里國小,23
花蓮縣,10015,玉里鎮,觀音國小,9
花蓮縣,10015,玉里鎮,長良國小,19
花蓮縣,10015,玉里鎮,高寮國小,9
花蓮縣,10015,瑞穗鄉,奇美國小,9
花蓮縣,10015,瑞穗鄉,富源國小,20
花蓮縣,10015,瑞穗鄉,瑞北國小,3
花蓮縣,10015,瑞穗鄉,瑞穗國小,19
花蓮縣,10015,瑞穗鄉,瑞美國小,9
花蓮縣,10015,瑞穗鄉,舞鶴國小,22
花蓮縣,10015,瑞穗鄉,鶴岡國小,14
花蓮縣,10015,秀林鄉,三棧國小,8
花蓮縣,10015,秀林鄉,佳民國小,14
花蓮縣,10015,秀林鄉,和平國小,28
花蓮縣,10015,秀林鄉,富世國小,20
花蓮縣,10015,秀林鄉,崇德國小,10
花蓮縣,10015,秀林鄉,文蘭國小,23
花蓮縣,10015,秀林鄉,景美國小,2
花蓮縣,10015,秀林鄉,水源國小,2
花蓮縣,10015,秀林鄉,秀林國小,9
花蓮縣,10015,秀林鄉,西寶國小,20
花蓮縣,10015,秀林鄉,銅蘭國小,15
花蓮縣,10015,秀林鄉,銅門國小,10
花蓮縣,10015,花蓮市,中原國小,29
花蓮縣,10015,花蓮市,中正國小,64
花蓮縣,10015,花蓮市,中華國小,52
花蓮縣,10015,花蓮市,信義國小,9
花蓮縣,10015,花蓮市,北濱國小,30
花蓮縣,10015,花蓮市,國福國小,6
花蓮縣,10015,花蓮市,復興國小,20
花蓮縣,10015,花蓮市,忠孝國小,28
花蓮縣,10015,花蓮市,明廉國小,32
花蓮縣,10015,花蓮市,明恥國小,32
花蓮縣,10015,花蓮市,明禮國小,26
花蓮縣,10015,花蓮市,明義國小,72
花蓮縣,10015,花蓮市,東華大學附小,44
花蓮縣,10015,花蓮市,鑄強國小,32
花蓮縣,10015,萬榮鄉,明利國小,14
花蓮縣,10015,萬榮鄉,紅葉國小,9
花蓮縣,10015,萬榮鄉,萬榮國小,11
花蓮縣,10015,萬榮鄉,西林國小,3
花蓮縣,10015,萬榮鄉,見晴國小,22
花蓮縣,10015,萬榮鄉,馬遠國小,22
花蓮縣,10015,豐濱鄉,新社國小,12
花蓮縣,10015,豐濱鄉,港口國小,23
花蓮縣,10015,豐濱鄉,豐濱國小,3
花蓮縣,10015,豐濱鄉,靜浦國小,16
花蓮縣,10015,鳳林鎮,北林國小,12
花蓮縣,10015,鳳林鎮,大榮國小,9
花蓮縣,10015,鳳林鎮,林榮國小,14
花蓮縣,10015,鳳林鎮,長橋國小,40
花蓮縣,10015,鳳林鎮,鳳仁國小,27
花蓮縣,10015,鳳林鎮,鳳林國小,29
苗栗縣,10005,三灣鄉,三灣國中,15
苗栗縣,10005,三義鄉,三義高中附設國中部,53
苗栗縣,10005,公館鄉,公館國中,48
苗栗縣,10005,公館鄉,鶴岡國中,11
苗栗縣,10005,卓蘭鎮,卓蘭實驗高中,70
苗栗縣,10005,南庄鄉,南庄國中,67
苗栗縣,10005,大湖鄉,南湖國中,30
苗栗縣,10005,大湖鄉,大湖國中,34
苗栗縣,10005,後龍鎮,後龍國中,30
苗栗縣,10005,後龍鎮,維真國中,33
苗栗縣,10005,泰安鄉,泰安國中(小),14
苗栗縣,10005,獅潭鄉,獅潭國中,9
苗栗縣,10005,竹南鎮,大同高中附設國中部,72
苗栗縣,10005,竹南鎮,照南國中,36
苗栗縣,10005,竹南鎮,竹南國中,73
苗栗縣,10005,苑裡鎮,致民國中,51
苗栗縣,10005,苑裡鎮,苑裡高中,70
苗栗縣,10005,苗栗市,大倫國中,35
苗栗縣,10005,苗栗市,明仁國中,154
苗栗縣,10005,苗栗市,苗栗國中,29
苗栗縣,10005,西湖鄉,西湖國中,38
苗栗縣,10005,通霄鎮,南和國中,8
苗栗縣,10005,通霄鎮,啟新國中,4
苗栗縣,10005,通霄鎮,烏眉國中,38
苗栗縣,10005,通霄鎮,通霄國中,90
苗栗縣,10005,造橋鄉,大西國中,27
苗栗縣,10005,造橋鄉,造橋國中,34
苗栗縣,10005,銅鑼鄉,文林國中,32
苗栗縣,10005,銅鑼鄉,文林國中文隆分部,27
苗栗縣,10005,頭份市,建國國中,53
苗栗縣,10005,頭份市,建國國中慈輝分校,19
苗栗縣,10005,頭份市,文英國中,32
苗栗縣,10005,頭份市,興華高中,163
苗栗縣,10005,頭份市,頭份國中,38
苗栗縣,10005,頭屋鄉,頭屋國中,24
苗栗縣,10005,三灣鄉,三灣國小,15
苗栗縣,10005,三灣鄉,錦水國小大坪分校,9
苗栗縣,10005,三義鄉,僑成國小,24
苗栗縣,10005,三義鄉,建中國小,55
苗栗縣,10005,三義鄉,育英國小,15
苗栗縣,10005,三義鄉,育英國小龍騰分校,14
苗栗縣,10005,三義鄉,鯉魚國小,17
苗栗縣,10005,公館鄉,五穀國小,22
苗栗縣,10005,公館鄉,仁愛國小,50
苗栗縣,10005,公館鄉,公館國小,60
苗栗縣,10005,公館鄉,南河國小,10
苗栗縣,10005,公館鄉,福基國小,32
苗栗縣,10005,公館鄉,開礦國小,28
苗栗縣,10005,公館鄉,鶴岡國小,48
苗栗縣,10005,卓蘭鎮,內灣國小,10
苗栗縣,10005,卓蘭鎮,卓蘭國小,53
苗栗縣,10005,卓蘭鎮,坪林國小,12
苗栗縣,10005,卓蘭鎮,景山國小,9
苗栗縣,10005,卓蘭鎮,豐田國小,29
苗栗縣,10005,卓蘭鎮,雙連國小,10
苗栗縣,10005,南庄鄉,南埔國小,11
苗栗縣,10005,南庄鄉,南庄國小,24
苗栗縣,10005,南庄鄉,東河國小,13
苗栗縣,10005,南庄鄉,田美國小,24
苗栗縣,10005,南庄鄉,蓬萊國小,14
苗栗縣,10005,大湖鄉,南湖國小,12
苗栗縣,10005,大湖鄉,大南國小,10
苗栗縣,10005,大湖鄉,大湖國小,60
苗栗縣,10005,大湖鄉,新開國小,18
苗栗縣,10005,大湖鄉,東興國小,18
苗栗縣,10005,大湖鄉,栗林國小,11
苗栗縣,10005,大湖鄉,武榮國小,10
苗栗縣,10005,大湖鄉,華興國小,19
苗栗縣,10005,後龍鎮,中和國小,29
苗栗縣,10005,後龍鎮,同光國小,20
苗栗縣,10005,後龍鎮,外埔國小,20
苗栗縣,10005,後龍鎮,大山國小,18
苗栗縣,10005,後龍鎮,後龍國小,33
苗栗縣,10005,後龍鎮,成功國小,37
苗栗縣,10005,後龍鎮,新港國(中)小,88
苗栗縣,10005,後龍鎮,海寶國小,11
苗栗縣,10005,後龍鎮,溪洲國小,24
苗栗縣,10005,後龍鎮,龍坑國小,13
苗栗縣,10005,泰安鄉,士林國小,9
苗栗縣,10005,泰安鄉,梅園國小,22
苗栗縣,10005,泰安鄉,汶水國小,16
苗栗縣,10005,泰安鄉,泰安國(中)小,2
苗栗縣,10005,泰安鄉,泰興國小,17
苗栗縣,10005,泰安鄉,清安國小,16
苗栗縣,10005,泰安鄉,象鼻國小,21
苗栗縣,10005,獅潭鄉,永興國小,28
苗栗縣,10005,獅潭鄉,獅潭國小,34
苗栗縣,10005,獅潭鄉,豐林國小,15
苗栗縣,10005,竹南鎮,大埔國小,24
苗栗縣,10005,竹南鎮,尖山國小,35
苗栗縣,10005,竹南鎮,山佳國小,55
苗栗縣,10005,竹南鎮,新南國小,46
苗栗縣,10005,竹南鎮,海口國小,55
苗栗縣,10005,竹南鎮,照南國小,99
苗栗縣,10005,竹南鎮,竹南國小,90
苗栗縣,10005,竹南鎮,竹興國小,35
苗栗縣,10005,竹南鎮,頂埔國小,26
苗栗縣,10005,苑裡鎮,中山國小,61
苗栗縣,10005,苑裡鎮,中正國小,30
苗栗縣,10005,苑裡鎮,客庄國小,74
苗栗縣,10005,苑裡鎮,山腳國小,25
苗栗縣,10005,苑裡鎮,文苑國小,19
苗栗縣,10005,苑裡鎮,林森國小,21
苗栗縣,10005,苑裡鎮,苑裡國小,26
苗栗縣,10005,苑裡鎮,蕉埔國小,9
苗栗縣,10005,苑裡鎮,藍田國小,31
苗栗縣,10005,苗栗市,僑育國小,31
苗栗縣,10005,苗栗市,啟文國小,27
苗栗縣,10005,苗栗市,大同國小,39
苗栗縣,10005,苗栗市,建功國小,128
苗栗縣,10005,苗栗市,文山國小,52
苗栗縣,10005,苗栗市,文華國小,45
苗栗縣,10005,苗栗市,新英國小,9
苗栗縣,10005,苗栗市,福星國小,47
苗栗縣,10005,西湖鄉,五湖國小,11
苗栗縣,10005,西湖鄉,僑文國小,14
苗栗縣,10005,西湖鄉,西湖國小,38
苗栗縣,10005,西湖鄉,西湖國小瑞湖分校,10
苗栗縣,10005,通霄鎮,五福國小,12
苗栗縣,10005,通霄鎮,南和國小,7
苗栗縣,10005,通霄鎮,啟明國小,28
苗栗縣,10005,通霄鎮,圳頭國小,13
苗栗縣,10005,通霄鎮,坪頂國小,28
苗栗縣,10005,通霄鎮,城中國小,23
苗栗縣,10005,通霄鎮,新埔國小,19
苗栗縣,10005,通霄鎮,烏眉國小,30
苗栗縣,10005,通霄鎮,烏眉國小楓樹分校,25
苗栗縣,10005,通霄鎮,福興武術國(中)小,30
苗栗縣,10005,通霄鎮,通霄國小,46
苗栗縣,10005,造橋鄉,僑樂國小,10
苗栗縣,10005,造橋鄉,談文國小,18
苗栗縣,10005,造橋鄉,造橋國小,29
苗栗縣,10005,造橋鄉,錦水國小,26
苗栗縣,10005,造橋鄉,龍昇國小,11
苗栗縣,10005,銅鑼鄉,中興國小,25
苗栗縣,10005,銅鑼鄉,九湖國小,10
苗栗縣,10005,銅鑼鄉,文峰國小,15
苗栗縣,10005,銅鑼鄉,新隆國小,10
苗栗縣,10005,銅鑼鄉,興隆國小,11
苗栗縣,10005,銅鑼鄉,銅鑼國小,29
苗栗縣,10005,頭份市,信德國小,27
苗栗縣,10005,頭份市,信義國小,26
苗栗縣,10005,頭份市,僑善國小,41
苗栗縣,10005,頭份市,六合國小,31
苗栗縣,10005,頭份市,后庄國小,27
苗栗縣,10005,頭份市,建國國小,112
苗栗縣,10005,頭份市,斗煥國小,28
苗栗縣,10005,頭份市,新興國小,19
苗栗縣,10005,頭份市,永貞國小,20
苗栗縣,10005,頭份市,蟠桃國小,29
苗栗縣,10005,頭份市,頭份國小,59
苗栗縣,10005,頭屋鄉,明德國小,18
苗栗縣,10005,頭屋鄉,頭屋國小,29
連江縣,09007,北竿鄉,中山國中,28
連江縣,09007,南竿鄉,中正國中(小),4
連江縣,09007,南竿鄉,介壽國中(小),8
連江縣,09007,東引鄉,東引國中(小),4
連江縣,09007,莒光鄉,敬恆國中(小),5
連江縣,09007,北竿鄉,塘岐國小,9
連江縣,09007,北竿鄉,板里國小,42
連江縣,09007,南竿鄉,中正國(中)小,7
連江縣,09007,南竿鄉,仁愛國小,11
連江縣,09007,南竿鄉,介壽國(中)小,13
連江縣,09007,東引鄉,東引國(中)小,8
連江縣,09007,莒光鄉,敬恆國(中)小,18
連江縣,09007,莒光鄉,東莒國小,15
金門縣,09020,烈嶼鄉,烈嶼國中,46
金門縣,09020,金城鎮,金城國中,37
金門縣,09020,金寧鄉,金寧國中(小),13
金門縣,09020,金沙鎮,金沙國中,59
金門縣,09020,金湖鎮,金湖國中,54
金門縣,09020,烈嶼鄉,上岐國小,24
金門縣,09020,烈嶼鄉,卓環國小,26
金門縣,09020,烈嶼鄉,西口國小,10
金門縣,09020,金城鎮,中正國小,65
金門縣,09020,金城鎮,古城國小,25
金門縣,09020,金城鎮,賢庵國小,33
金門縣,09020,金城鎮,賢庵國小垵湖分校,18
金門縣,09020,金寧鄉,古寧國小,41
金門縣,09020,金寧鄉,湖埔國小,28
金門縣,09020,金寧鄉,金寧國(中)小,4
金門縣,09020,金寧鄉,金鼎國小,39
金門縣,09020,金沙鎮,何浦國小,57
金門縣,09020,金沙鎮,安瀾國小,33
金門縣,09020,金沙鎮,述美國小,38
金門縣,09020,金沙鎮,金沙國小,47
金門縣,09020,金湖鎮,多年國小,10
金門縣,09020,金湖鎮,柏村國小,67
金門縣,09020,金湖鎮,正義國小,4
金門縣,09020,金湖鎮,金湖國小,183
金門縣,09020,金湖鎮,開瑄國小,47
雲林縣,10009,二崙鄉,二崙國中,63
雲林縣,10009,元長鄉,元長國中,60
雲林縣,10009,北港鎮,北港國中,31
雲林縣,10009,北港鎮,建國國中,98
雲林縣,10009,口湖鄉,口湖國中,25
雲林縣,10009,口湖鄉,宜梧國中,19
雲林縣,10009,古坑鄉,古坑國中,4
雲林縣,10009,古坑鄉,古坑華德福實驗高級中學(國中),26
雲林縣,10009,古坑鄉,東和國中,30
雲林縣,10009,四湖鄉,四湖國中,35
雲林縣,10009,四湖鄉,飛沙國中,30
雲林縣,10009,土庫鎮,土庫國中,32
雲林縣,10009,土庫鎮,馬光國中,30
雲林縣,10009,大埤鄉,大埤國中,31
雲林縣,10009,崙背鄉,崙背國中,12
雲林縣,10009,斗六市,斗六國中,71
雲林縣,10009,斗六市,石榴國中,35
雲林縣,10009,斗六市,雲林國中,150
雲林縣,10009,斗南鎮,斗南高中,156
雲林縣,10009,斗南鎮,東明國中,8
雲林縣,10009,東勢鄉,東勢國中,2
雲林縣,10009,林內鄉,林內國中,17
雲林縣,10009,水林鄉,水林國中,30
雲林縣,10009,水林鄉,蔦松國中,1
雲林縣,10009,臺西鄉,台西國中,36
雲林縣,10009,莿桐鄉,莿桐國中,8
雲林縣,10009,虎尾鎮,崇德國中,80
雲林縣,10009,虎尾鎮,東仁國中,42
雲林縣,10009,虎尾鎮,虎尾國中,33
雲林縣,10009,褒忠鄉,褒忠國中,29
雲林縣,10009,西螺鎮,西螺國中,5
雲林縣,10009,麥寮鄉,麥寮高中,16
雲林縣,10009,二崙鄉,三和國小,12
雲林縣,10009,二崙鄉,二崙國小,31
雲林縣,10009,二崙鄉,來惠國小,13
雲林縣,10009,二崙鄉,大同國小,14
雲林縣,10009,二崙鄉,旭光國小,20
雲林縣,10009,二崙鄉,永定國小,34
雲林縣,10009,二崙鄉,油車國小,29
雲林縣,10009,二崙鄉,義賢國小,46
雲林縣,10009,元長鄉,仁德國小,23
雲林縣,10009,元長鄉,仁愛國小,18
雲林縣,10009,元長鄉,信義國小,10
雲林縣,10009,元長鄉,元長國小,66
雲林縣,10009,元長鄉,和平國小,19
雲林縣,10009,元長鄉,客厝國小,53
雲林縣,10009,元長鄉,山內國小,17
雲林縣,10009,元長鄉,忠孝國小,19
雲林縣,10009,元長鄉,新生國小,24
雲林縣,10009,元長鄉,新生國小鹿北分班,4
雲林縣,10009,北港鎮,僑美國小,24
雲林縣,10009,北港鎮,北辰國小,65
雲林縣,10009,北港鎮,南陽國小,67
雲林縣,10009,北港鎮,好收國小,23
雲林縣,10009,北港鎮,朝陽國小,14
雲林縣,10009,北港鎮,東榮國小,9
雲林縣,10009,北港鎮,育英國小,24
雲林縣,10009,北港鎮,辰光國小,28
雲林縣,10009,口湖鄉,下崙國小,51
雲林縣,10009,口湖鄉,口湖國小,32
雲林縣,10009,口湖鄉,口湖國小青蚶分校,7
雲林縣,10009,口湖鄉,崇文國小,10
雲林縣,10009,口湖鄉,成龍國小,10
雲林縣,10009,口湖鄉,文光國小,21
雲林縣,10009,口湖鄉,文光國小湖口分校,9
雲林縣,10009,口湖鄉,臺興國小,30
雲林縣,10009,口湖鄉,興南國小,12
雲林縣,10009,口湖鄉,過港分校,8
雲林縣,10009,口湖鄉,金湖國小,12
雲林縣,10009,口湖鄉,頂湖國小,10
雲林縣,10009,古坑鄉,古坑國小,28
雲林縣,10009,古坑鄉,山峰華德福實驗小學,29
雲林縣,10009,古坑鄉,新光國小,32
雲林縣,10009,古坑鄉,東和國小,29
雲林縣,10009,古坑鄉,桂林國小,28
雲林縣,10009,古坑鄉,棋山國小,16
雲林縣,10009,古坑鄉,樟湖國中小,20
雲林縣,10009,古坑鄉,水碓國小,37
雲林縣,10009,古坑鄉,永光國小,28
雲林縣,10009,古坑鄉,興昌國小,17
雲林縣,10009,古坑鄉,草嶺國小,6
雲林縣,10009,古坑鄉,華南國小,27
雲林縣,10009,古坑鄉,華山國小,20
雲林縣,10009,四湖鄉,三崙國小,18
雲林縣,10009,四湖鄉,內湖國小,19
雲林縣,10009,四湖鄉,南光國小,12
雲林縣,10009,四湖鄉,四湖國小,29
雲林縣,10009,四湖鄉,建華國小,4
雲林縣,10009,四湖鄉,建陽國小,32
雲林縣,10009,四湖鄉,明德國小,10
雲林縣,10009,四湖鄉,東光國小,11
雲林縣,10009,四湖鄉,林厝國小,20
雲林縣,10009,四湖鄉,飛沙國小,15
雲林縣,10009,四湖鄉,鹿場國小,17
雲林縣,10009,土庫鎮,土庫國小,86
雲林縣,10009,土庫鎮,土庫國小越港分校,5
雲林縣,10009,土庫鎮,埤腳國小,16
雲林縣,10009,土庫鎮,宏崙國小,13
雲林縣,10009,土庫鎮,後埔國小,31
雲林縣,10009,土庫鎮,新庄國小,14
雲林縣,10009,土庫鎮,秀潭國小,28
雲林縣,10009,土庫鎮,馬光國小,19
雲林縣,10009,大埤鄉,仁和國小,25
雲林縣,10009,大埤鄉,嘉興國小,36
雲林縣,10009,大埤鄉,大埤國小,27
雲林縣,10009,大埤鄉,聯美國小,12
雲林縣,10009,大埤鄉,舊庄國小,32
雲林縣,10009,崙背鄉,中和國小,26
雲林縣,10009,崙背鄉,大有國小,18
雲林縣,10009,崙背鄉,崙背國小,77
雲林縣,10009,崙背鄉,東興國小,20
雲林縣,10009,崙背鄉,豐榮國小,22
雲林縣,10009,崙背鄉,陽明國小,9
雲林縣,10009,斗六市,久安國小,18
雲林縣,10009,斗六市,保長國小,14
雲林縣,10009,斗六市,公誠國小,99
雲林縣,10009,斗六市,斗六國小,34
雲林縣,10009,斗六市,林頭國小,27
雲林縣,10009,斗六市,梅林國小,34
雲林縣,10009,斗六市,溝壩國小,27
雲林縣,10009,斗六市,溪洲國小,24
雲林縣,10009,斗六市,石榴國小,86
雲林縣,10009,斗六市,鎮南國小,30
雲林縣,10009,斗六市,鎮東國小,32
雲林縣,10009,斗六市,鎮西國小,32
雲林縣,10009,斗六市,雲林國小,38
雲林縣,10009,斗南鎮,僑真國小,137
雲林縣,10009,斗南鎮,大東國小,16
雲林縣,10009,斗南鎮,文安國小,30
雲林縣,10009,斗南鎮,斗南國小,47
雲林縣,10009,斗南鎮,石龜國小,30
雲林縣,10009,斗南鎮,重光國小,20
雲林縣,10009,東勢鄉,同安國小,36
雲林縣,10009,東勢鄉,安南國小,21
雲林縣,10009,東勢鄉,明倫國小,10
雲林縣,10009,東勢鄉,東勢國小,45
雲林縣,10009,東勢鄉,龍潭國小,14
雲林縣,10009,林內鄉,九芎國小,26
雲林縣,10009,林內鄉,成功國小,16
雲林縣,10009,林內鄉,林中國小,15
雲林縣,10009,林內鄉,林內國小,36
雲林縣,10009,林內鄉,民生國小,10
雲林縣,10009,林內鄉,重興國小,20
雲林縣,10009,水林鄉,中興國小,9
雲林縣,10009,水林鄉,和安國小,12
雲林縣,10009,水林鄉,大興國小,7
雲林縣,10009,水林鄉,宏仁國小,18
雲林縣,10009,水林鄉,尖山國小,9
雲林縣,10009,水林鄉,文正國小,25
雲林縣,10009,水林鄉,水燦林國小,29
雲林縣,10009,水林鄉,蔦松國小,18
雲林縣,10009,水林鄉,誠正國小,18
雲林縣,10009,臺西鄉,台西國小,22
雲林縣,10009,臺西鄉,台西國小五榔分校,1
雲林縣,10009,臺西鄉,尚德國小,18
雲林縣,10009,臺西鄉,崙豐國小,37
雲林縣,10009,臺西鄉,新興國小,40
雲林縣,10009,臺西鄉,泉州國小,34
雲林縣,10009,莿桐鄉,僑和國小,11
雲林縣,10009,莿桐鄉,六合國小,25
雲林縣,10009,莿桐鄉,大美國小,23
雲林縣,10009,莿桐鄉,育仁國小,24
雲林縣,10009,莿桐鄉,莿桐國小,30
雲林縣,10009,莿桐鄉,饒平國小,41
雲林縣,10009,虎尾鎮,中正國小,30
雲林縣,10009,虎尾鎮,中溪國小,28
雲林縣,10009,虎尾鎮,光復國小,16
雲林縣,10009,虎尾鎮,大屯國小,27
雲林縣,10009,虎尾鎮,大屯國小拯民分校,2
雲林縣,10009,虎尾鎮,安慶國小,5
雲林縣,10009,虎尾鎮,平和國小,48
雲林縣,10009,虎尾鎮,廉使國小,32
雲林縣,10009,虎尾鎮,惠來國小,35
雲林縣,10009,虎尾鎮,立仁國小,60
雲林縣,10009,虎尾鎮,虎尾國小,30
雲林縣,10009,褒忠鄉,復興國小,29
雲林縣,10009,褒忠鄉,潮厝華德福實驗小學,21
雲林縣,10009,褒忠鄉,褒忠國小,30
雲林縣,10009,褒忠鄉,龍巖國小,25
雲林縣,10009,西螺鎮,中山國小,45
雲林縣,10009,西螺鎮,吳厝國小,24
雲林縣,10009,西螺鎮,大新國小,19
雲林縣,10009,西螺鎮,安定國小,30
雲林縣,10009,西螺鎮,廣興國小,26
雲林縣,10009,西螺鎮,文昌國小,38
雲林縣,10009,西螺鎮,文興國小,26
雲林縣,10009,西螺鎮,文賢國小,16
雲林縣,10009,麥寮鄉,明禮國小,9
雲林縣,10009,麥寮鄉,橋頭國小,36
雲林縣,10009,麥寮鄉,橋頭國小許厝分校,21
雲林縣,10009,麥寮鄉,興華國小,2
雲林縣,10009,麥寮鄉,豐安國小,30
雲林縣,10009,麥寮鄉,麥寮國小,74
雲林縣,10009,麥寮鄉,麥寮國小楊厝分班,0
雲林縣,10009,麥寮鄉,麥寮國小海豐分校,16
高雄市,64000,三民區,三民國中,149
高雄市,64000,三民區,正興國中,88
高雄市,64000,三民區,民族國中,29
高雄市,64000,三民區,陽明國中,244
高雄市,64000,三民區,鼎金國中,43
高雄市,64000,仁武區,仁武高中,71
高雄市,64000,仁武區,大灣國中,64
高雄市,64000,內門區,內門國中,36
高雄市,64000,六龜區,六龜高中,46
高雄市,64000,六龜區,寶來國中,24
高雄市,64000,前金區,前金國中,11
高雄市,64000,前鎮區,光華國中,168
高雄市,64000,前鎮區,前鎮國中,64
高雄市,64000,前鎮區,獅甲國中,48
高雄市,64000,前鎮區,瑞祥高中,51
高雄市,64000,前鎮區,瑞豐國中,120
高雄市,64000,前鎮區,興仁國中,25
高雄市,64000,大寮區,中庄國中,32
高雄市,64000,大寮區,大寮國中,79
高雄市,64000,大寮區,潮寮國中,11
高雄市,64000,大樹區,大樹國中,103
高雄市,64000,大樹區,溪埔國中,32
高雄市,64000,大社區,大社國中,60
高雄市,64000,小港區,中山國中,77
高雄市,64000,小港區,小港國中,86
高雄市,64000,小港區,明義國中,72
高雄市,64000,小港區,餐旅國中,33
高雄市,64000,小港區,鳳林國中,17
高雄市,64000,岡山區,前峰國中,68
高雄市,64000,岡山區,嘉興國中,45
高雄市,64000,岡山區,岡山國中,91
高雄市,64000,左營區,大義國中,43
高雄市,64000,左營區,左營國中,73
高雄市,64000,左營區,文府國中,34
高雄市,64000,左營區,福山國中,106
高雄市,64000,左營區,立德國中,72
高雄市,64000,左營區,龍華國中,51
高雄市,64000,彌陀區,彌陀國中,32
高雄市,64000,新興區,新興高中,10
高雄市,64000,旗山區,圓富國中,26
高雄市,64000,旗山區,大洲國中,27
高雄市,64000,旗山區,旗山國中,48
高雄市,64000,旗津區,旗津國中,142
高雄市,64000,杉林區,杉林國中,59
高雄市,64000,林園區,中芸國中,48
高雄市,64000,林園區,林園高中,81
高雄市,64000,桃源區,桃源國中,22
高雄市,64000,梓官區,梓官國中,35
高雄市,64000,梓官區,蚵寮國中,28
高雄市,64000,楠梓區,中山大學附屬國光高中,41
高雄市,64000,楠梓區,右昌國中,71
高雄市,64000,楠梓區,國昌國中,82
高雄市,64000,楠梓區,後勁國中,93
高雄市,64000,楠梓區,楠梓國中,86
高雄市,64000,楠梓區,翠屏國中(小),31
高雄市,64000,橋頭區,橋頭國中,72
高雄市,64000,永安區,永安國中,73
高雄市,64000,湖內區,湖內國中,34
高雄市,64000,燕巢區,燕巢國中,64
高雄市,64000,田寮區,田寮國中,17
高雄市,64000,甲仙區,甲仙國中,30
高雄市,64000,美濃區,南隆國中,51
高雄市,64000,美濃區,美濃國中,53
高雄市,64000,美濃區,龍肚國中,24
高雄市,64000,苓雅區,中正高中,176
高雄市,64000,苓雅區,五福國中,104
高雄市,64000,苓雅區,大仁國中,31
高雄市,64000,苓雅區,苓雅國中,44
高雄市,64000,苓雅區,英明國中,95
高雄市,64000,苓雅區,高師附中附設國中部,7
高雄市,64000,茂林區,茂林國中,27
高雄市,64000,茄萣區,茄萣國中,106
高雄市,64000,路竹區,一甲國中,158
高雄市,64000,路竹區,路竹高中,19
高雄市,64000,那瑪夏區,三民國中,31
高雄市,64000,阿蓮區,阿蓮國中,30
高雄市,64000,鳥松區,文山高中,102
高雄市,64000,鳥松區,鳥松國中,29
高雄市,64000,鳳山區,中崙國中,68
高雄市,64000,鳳山區,五甲國中,102
高雄市,64000,鳳山區,忠孝國中,26
高雄市,64000,鳳山區,福誠高中,160
高雄市,64000,鳳山區,青年國中,216
高雄市,64000,鳳山區,鳳山國中,118
高雄市,64000,鳳山區,鳳甲國中,71
高雄市,64000,鳳山區,鳳翔國中,37
高雄市,64000,鳳山區,鳳西國中,243
高雄市,64000,鹽埕區,鹽埕國中,107
高雄市,64000,鼓山區,七賢國中,67
高雄市,64000,鼓山區,壽山國中,34
高雄市,64000,鼓山區,明華國中,100
高雄市,64000,鼓山區,鼓山高中,90
高雄市,64000,三民區,三民國小,84
高雄市,64000,三民區,光武國小,149
高雄市,64000,三民區,十全國小,90
高雄市,64000,三民區,博愛國小,102
高雄市,64000,三民區,愛國國小,59
高雄市,64000,三民區,東光國小,128
高雄市,64000,三民區,正興國小,61
高雄市,64000,三民區,民族國小,62
高雄市,64000,三民區,河堤國小,30
高雄市,64000,三民區,河濱國小,36
高雄市,64000,三民區,獅湖國小,146
高雄市,64000,三民區,莊敬國小,86
高雄市,64000,三民區,陽明國小,175
高雄市,64000,三民區,鼎金國小,51
高雄市,64000,仁武區,仁武國小,63
高雄市,64000,仁武區,八卦國小,37
高雄市,64000,仁武區,灣內國小,15
高雄市,64000,仁武區,烏林國小,33
高雄市,64000,仁武區,登發國小,46
高雄市,64000,仁武區,竹後國小,14
高雄市,64000,內門區,內門國小,43
高雄市,64000,內門區,景義國小,10
高雄市,64000,內門區,木柵國小,31
高雄市,64000,內門區,溝坪國小,20
高雄市,64000,內門區,西門國小,16
高雄市,64000,內門區,觀亭國小,22
高雄市,64000,內門區,金竹國小,12
高雄市,64000,六龜區,六龜國小,29
高雄市,64000,六龜區,寶來國小,10
高雄市,64000,六龜區,新威國小,18
高雄市,64000,六龜區,新發國小,13
高雄市,64000,六龜區,荖濃國小,16
高雄市,64000,六龜區,龍興國小,24
高雄市,64000,前金區,前金國小,95
高雄市,64000,前金區,建國國小,38
高雄市,64000,前鎮區,仁愛國小,55
高雄市,64000,前鎮區,佛公國小,29
高雄市,64000,前鎮區,光華國小,70
高雄市,64000,前鎮區,前鎮國小,36
高雄市,64000,前鎮區,復興國小,46
高雄市,64000,前鎮區,愛群國小,93
高雄市,64000,前鎮區,明正國小,79
高雄市,64000,前鎮區,樂群國小,35
高雄市,64000,前鎮區,民權國小,165
高雄市,64000,前鎮區,獅甲國小,30
高雄市,64000,前鎮區,瑞祥國小,273
高雄市,64000,前鎮區,瑞豐國小,5
高雄市,64000,前鎮區,紅毛港國小,22
高雄市,64000,前鎮區,鎮昌國小,150
高雄市,64000,大寮區,中庄國小,76
高雄市,64000,大寮區,大寮國小,42
高雄市,64000,大寮區,山頂國小,61
高雄市,64000,大寮區,後庄國小,36
高雄市,64000,大寮區,忠義國小,26
高雄市,64000,大寮區,昭明國小,72
高雄市,64000,大寮區,永芳國小,68
高雄市,64000,大寮區,溪寮國小,17
高雄市,64000,大寮區,潮寮國小,37
高雄市,64000,大寮區,翁園國小,33
高雄市,64000,大樹區,九曲國小,68
高雄市,64000,大樹區,大樹國小,42
高雄市,64000,大樹區,大樹國小和山分校,12
高雄市,64000,大樹區,姑山國小,16
高雄市,64000,大樹區,小坪國小,31
高雄市,64000,大樹區,水寮國小,46
高雄市,64000,大樹區,溪埔國小,20
高雄市,64000,大樹區,興田國小,17
高雄市,64000,大樹區,龍目國小,13
高雄市,64000,大社區,嘉誠國小,24
高雄市,64000,大社區,大社國小,30
高雄市,64000,大社區,觀音國小,36
高雄市,64000,小港區,二苓國小,51
高雄市,64000,小港區,坪頂國小,58
高雄市,64000,小港區,太平國小,30
高雄市,64000,小港區,小港國小,6
高雄市,64000,小港區,明義國小,38
高雄市,64000,小港區,桂林國小,69
高雄市,64000,小港區,港和國小,84
高雄市,64000,小港區,漢民國小,60
高雄市,64000,小港區,華山國小,82
高雄市,64000,小港區,青山國小,75
高雄市,64000,小港區,鳳林國小,42
高雄市,64000,小港區,鳳陽國小,52
高雄市,64000,小港區,鳳鳴國小,66
高雄市,64000,岡山區,兆湘國小,30
高雄市,64000,岡山區,前峰國小,26
高雄市,64000,岡山區,和平國小,22
高雄市,64000,岡山區,嘉興國小,31
高雄市,64000,岡山區,壽天國小,70
高雄市,64000,岡山區,岡山國小,46
高雄市,64000,岡山區,岡山國小灣裡分校,9
高雄市,64000,岡山區,後紅國小,79
高雄市,64000,岡山區,竹圍國小,147
高雄市,64000,左營區,勝利國小,139
高雄市,64000,左營區,屏山國小,32
高雄市,64000,左營區,左營國小,74
高雄市,64000,左營區,文府國小,110
高雄市,64000,左營區,新上國小,97
高雄市,64000,左營區,新光國小,143
高雄市,64000,左營區,新民國小,119
高雄市,64000,左營區,新莊國小,153
高雄市,64000,左營區,明德國小,12
高雄市,64000,左營區,永清國小,36
高雄市,64000,左營區,福山國小,199
高雄市,64000,左營區,舊城國小,42
高雄市,64000,彌陀區,南安國小,29
高雄市,64000,彌陀區,壽齡國小,60
高雄市,64000,彌陀區,彌陀國小,36
高雄市,64000,新興區,七賢國小,122
高雄市,64000,新興區,信義國小,77
高雄市,64000,新興區,大同國小,61
高雄市,64000,新興區,新興國小,30
高雄市,64000,旗山區,圓潭國小,37
高雄市,64000,旗山區,嶺口國小,16
高雄市,64000,旗山區,旗尾國小,20
高雄市,64000,旗山區,旗山國小,130
高雄市,64000,旗山區,溪洲國小,36
高雄市,64000,旗山區,鼓山國小,45
高雄市,64000,旗津區,中洲國小,27
高雄市,64000,旗津區,大汕國小,28
高雄市,64000,旗津區,旗津國小,69
高雄市,64000,杉林區,上平國小,23
高雄市,64000,杉林區,新庄國小,19
高雄市,64000,杉林區,月美國小,15
高雄市,64000,杉林區,杉林國小,18
高雄市,64000,杉林區,民族大愛國小,33
高雄市,64000,杉林區,集來國小,24
高雄市,64000,林園區,中芸國小,71
高雄市,64000,林園區,林園國小,65
高雄市,64000,林園區,汕尾國小,33
高雄市,64000,林園區,港埔國小,30
高雄市,64000,林園區,王公國小,75
高雄市,64000,林園區,金潭國小,53
高雄市,64000,桃源區,寶山國小,4
高雄市,64000,桃源區,建山國小,8
高雄市,64000,桃源區,桃源國小,19
高雄市,64000,桃源區,樟山國小,15
高雄市,64000,桃源區,興中國小,42
高雄市,64000,梓官區,梓官國小,57
高雄市,64000,梓官區,蚵寮國小,46
高雄市,64000,楠梓區,加昌國小,71
高雄市,64000,楠梓區,右昌國小,110
高雄市,64000,楠梓區,後勁國小,51
高雄市,64000,楠梓區,援中國小,107
高雄市,64000,楠梓區,楠梓國小,78
高雄市,64000,楠梓區,楠陽國小,86
高雄市,64000,楠梓區,油廠國小,102
高雄市,64000,楠梓區,翠屏國(中)小,32
高雄市,64000,楠梓區,莒光國小,72
高雄市,64000,橋頭區,五林國小,24
高雄市,64000,橋頭區,仕隆國小,32
高雄市,64000,橋頭區,橋頭國小,41
高雄市,64000,橋頭區,甲圍國小,40
高雄市,64000,橋頭區,興糖國小,45
高雄市,64000,永安區,新港國小,18
高雄市,64000,永安區,永安國小,62
高雄市,64000,永安區,維新國小,30
高雄市,64000,湖內區,三侯國小,9
高雄市,64000,湖內區,大湖國小,80
高雄市,64000,湖內區,文賢國小,54
高雄市,64000,湖內區,明宗國小,51
高雄市,64000,湖內區,海埔國小,26
高雄市,64000,燕巢區,安招國小,27
高雄市,64000,燕巢區,橫山國小,46
高雄市,64000,燕巢區,深水國小,27
高雄市,64000,燕巢區,燕巢國小,80
高雄市,64000,燕巢區,金山國小,12
高雄市,64000,燕巢區,鳳雄國小,32
高雄市,64000,田寮區,崇德國小,24
高雄市,64000,田寮區,新興國小,23
高雄市,64000,甲仙區,寶隆國小,26
高雄市,64000,甲仙區,小林國小,18
高雄市,64000,甲仙區,甲仙國小,40
高雄市,64000,美濃區,中壇國小,33
高雄市,64000,美濃區,吉東國小,15
高雄市,64000,美濃區,吉洋國小,32
高雄市,64000,美濃區,廣興國小,48
高雄市,64000,美濃區,東門國小,30
高雄市,64000,美濃區,福安國小,17
高雄市,64000,美濃區,美濃國小,30
高雄市,64000,美濃區,龍山國小,34
高雄市,64000,美濃區,龍肚國小,30
高雄市,64000,苓雅區,中正國小,68
高雄市,64000,苓雅區,五權國小,35
高雄市,64000,苓雅區,凱旋國小,45
高雄市,64000,苓雅區,四維國小,314
高雄市,64000,苓雅區,成功國小,33
高雄市,64000,苓雅區,福康國小,82
高雄市,64000,苓雅區,福東國小,73
高雄市,64000,苓雅區,苓洲國小,34
高雄市,64000,苓雅區,高師附中附設國小部,7
高雄市,64000,茂林區,多納國小,8
高雄市,64000,茂林區,茂林國小,15
高雄市,64000,茄萣區,成功國小,38
高雄市,64000,茄萣區,砂崙國小,63
高雄市,64000,茄萣區,興達國小,34
高雄市,64000,茄萣區,茄萣國小,81
高雄市,64000,路竹區,一甲國小,35
高雄市,64000,路竹區,三埤國小,25
高雄市,64000,路竹區,下坑國小,38
高雄市,64000,路竹區,北嶺國小,15
高雄市,64000,路竹區,大社國小,34
高雄市,64000,路竹區,竹滬國小,29
高雄市,64000,路竹區,蔡文國小,37
高雄市,64000,路竹區,路竹國小,33
高雄市,64000,那瑪夏區,民權國小,14
高雄市,64000,那瑪夏區,民生國小,30
高雄市,64000,阿蓮區,中路國小,18
高雄市,64000,阿蓮區,復安國小,72
高雄市,64000,阿蓮區,阿蓮國小,48
高雄市,64000,鳥松區,仁美國小,26
高雄市,64000,鳥松區,大華國小,38
高雄市,64000,鳥松區,鳥松國小,35
高雄市,64000,鳳山區,中山國小,59
高雄市,64000,鳳山區,中崙國小,43
高雄市,64000,鳳山區,中正國小,74
高雄市,64000,鳳山區,五甲國小,43
高雄市,64000,鳳山區,五福國小,129
高雄市,64000,鳳山區,南成國小,64
高雄市,64000,鳳山區,大東國小,45
高雄市,64000,鳳山區,忠孝國小,71
高雄市,64000,鳳山區,文山國小,50
高雄市,64000,鳳山區,文德國小,97
高雄市,64000,鳳山區,文華國小,60
高雄市,64000,鳳山區,新甲國小,126
高雄市,64000,鳳山區,曹公國小,46
高雄市,64000,鳳山區,正義國小,20
高雄市,64000,鳳山區,瑞興國小,155
高雄市,64000,鳳山區,福誠國小,39
高雄市,64000,鳳山區,誠正國小,35
高雄市,64000,鳳山區,過埤國小,79
高雄市,64000,鳳山區,鎮北國小,34
高雄市,64000,鳳山區,鳳山國小,44
高雄市,64000,鳳山區,鳳翔國小,66
高雄市,64000,鳳山區,鳳西國小,72
高雄市,64000,鹽埕區,光榮國小,27
高雄市,64000,鹽埕區,忠孝國小,29
高雄市,64000,鹽埕區,鹽埕國小,34
高雄市,64000,鼓山區,中山國小,131
高雄市,64000,鼓山區,九如國小,33
高雄市,64000,鼓山區,內惟國小,70
高雄市,64000,鼓山區,壽山國小,27
高雄市,64000,鼓山區,鼓山國小,45
高雄市,64000,鼓山區,鼓岩國小,57
高雄市,64000,鼓山區,龍華國小,120
